From Date;To Date;Station;PM2.5;PM10;NO;NO2;NOx;CO;Ozone;RF;TOT-RF
04-03-2020 00:00;05-03-2020 00:00;sect_51;0;0;0;0;0;0;0;0;0
05-03-2020 00:00;06-03-2020 00:00;sect_51;36.51;73.15;5.91;24.28;30.19;0.51;71.07;0;0
06-03-2020 00:00;07-03-2020 00:00;sect_51;22.23;39.15;5.89;23.24;29.12;0.45;55.32;0;0
07-03-2020 00:00;08-03-2020 00:00;sect_51;41.44;77.68;8.54;21.67;30.2;0.63;46.15;0;0
08-03-2020 00:00;09-03-2020 00:00;sect_51;62.64;130.39;18.77;24.16;42.94;0.86;41.67;0;0
09-03-2020 00:00;10-03-2020 00:00;sect_51;83.74;127.54;4.88;22.1;26.98;0.68;49.61;0;0
10-03-2020 00:00;11-03-2020 00:00;sect_51;97.3;159.07;5.34;23.2;28.54;0.8;62.53;0;0
11-03-2020 00:00;12-03-2020 00:00;sect_51;58.71;109.16;3.36;21.98;25.34;0.62;73.29;0;0
12-03-2020 00:00;13-03-2020 00:00;sect_51;60.33;159.87;8.17;23.6;18.77;0.48;48.9;0;0
13-03-2020 00:00;14-03-2020 00:00;sect_51;67.33;195.83;6.78;23.4;30.11;0.59;50.66;0;0
14-03-2020 00:00;15-03-2020 00:00;sect_51;44.05;134.24;4.95;21.1;22.61;0.58;45.55;0;0
15-03-2020 00:00;16-03-2020 00:00;sect_51;59.56;171.06;7.49;23.9;18.16;0.9;63.18;0;0
16-03-2020 00:00;17-03-2020 00:00;sect_51;105.36;171.49;4.35;24.73;16.24;0.74;58.09;0;0
17-03-2020 00:00;18-03-2020 00:00;sect_51;103.51;220.98;10.36;26.68;22.25;1.01;60.26;0;0
18-03-2020 00:00;19-03-2020 00:00;sect_51;120.69;247.75;27.8;28.46;37.16;1.29;57.37;0;0
19-03-2020 00:00;20-03-2020 00:00;sect_51;81.08;249.37;26.88;30.28;37.37;1.28;75.19;0;0
20-03-2020 00:00;21-03-2020 00:00;sect_51;97.02;242.08;7.16;30.06;21.32;1;75.99;0;0
21-03-2020 00:00;22-03-2020 00:00;sect_51;62.74;148.6;8.53;27.23;19.37;0.83;68.6;0;0
22-03-2020 00:00;23-03-2020 00:00;sect_51;97.39;166.64;10.8;28.31;21.94;1.13;73.25;0;0
23-03-2020 00:00;24-03-2020 00:00;sect_51;53.12;131.5;7.7;23.19;18.29;0.76;60.94;0;0
24-03-2020 00:00;25-03-2020 00:00;sect_51;63.51;129.42;7.15;22.59;16.48;0.93;55.04;0;0
25-03-2020 00:00;26-03-2020 00:00;sect_51;33.4;69.49;8.49;19.43;16.51;0.69;56.24;0;0
26-03-2020 00:00;27-03-2020 00:00;sect_51;30.82;70.77;3.73;16.9;11.82;0.49;45.56;0;0
27-03-2020 00:00;28-03-2020 00:00;sect_51;20.66;43.15;2.25;15.84;9.51;0.43;46.45;0;0
28-03-2020 00:00;29-03-2020 00:00;sect_51;18.13;53.76;3.88;15.05;10.98;0.5;54.3;0;0
29-03-2020 00:00;30-03-2020 00:00;sect_51;23.75;70.72;2.26;13.78;8.82;0.51;65.98;0;0
30-03-2020 00:00;31-03-2020 00:00;sect_51;28.83;62.23;1.16;13.42;7.13;0.49;73.03;0;0
31-03-2020 00:00;01-04-2020 00:00;sect_51;32.84;63.8;2.05;13.51;8.71;0.52;76.96;0;0
01-04-2020 00:00;02-04-2020 00:00;sect_51;25.37;53.06;2.12;14.19;8.19;0.5;67.06;0;0
02-04-2020 00:00;03-04-2020 00:00;sect_51;31.6;78.37;1.36;13.36;7.26;0.54;71.85;0;0
03-04-2020 00:00;04-04-2020 00:00;sect_51;28.89;55.24;2.41;12.11;8.26;0.51;88.42;0;0
04-04-2020 00:00;05-04-2020 00:00;sect_51;39.71;70.47;2.19;14.01;7.91;0.63;73.49;0;0
05-04-2020 00:00;06-04-2020 00:00;sect_51;56.87;102.14;4.88;16.49;11.27;0.88;75.14;0;0
06-04-2020 00:00;07-04-2020 00:00;sect_51;50.19;94.73;2.64;15.4;10.05;0.71;75.27;0;0
07-04-2020 00:00;08-04-2020 00:00;sect_51;35.06;99.63;0.81;13.34;6.74;0.51;78.7;0;0
08-04-2020 00:00;09-04-2020 00:00;sect_51;31.37;85.42;1.79;12.31;7.34;0.47;78.06;0;0
09-04-2020 00:00;10-04-2020 00:00;sect_51;36.14;76.97;2.43;12.88;8.68;0.55;85.15;0;0
10-04-2020 00:00;11-04-2020 00:00;sect_51;67.88;126.52;3.56;16.97;10.72;0.95;64.31;0;0
11-04-2020 00:00;12-04-2020 00:00;sect_51;51.14;109.92;5.93;17.01;13.33;0.87;83.4;0;0
12-04-2020 00:00;13-04-2020 00:00;sect_51;35.04;70.88;2.05;13.39;8.47;0.56;86.76;0;0
13-04-2020 00:00;14-04-2020 00:00;sect_51;62.67;135.43;2.11;15.81;9.12;0.79;70.58;0;0
14-04-2020 00:00;15-04-2020 00:00;sect_51;68.79;178.23;4.62;17.69;12.75;0.95;63.52;0;0
15-04-2020 00:00;16-04-2020 00:00;sect_51;67.05;209.9;7.32;16.06;12.91;0.88;61.79;0;0
16-04-2020 00:00;17-04-2020 00:00;sect_51;67.83;154.01;9.44;16.52;13.39;0.95;76.92;0;0
17-04-2020 00:00;18-04-2020 00:00;sect_51;25.81;74.71;1.93;12.82;8.1;0.52;91.73;0;0
18-04-2020 00:00;19-04-2020 00:00;sect_51;26.22;92.81;0.9;12.89;6.51;0.49;88.67;0;0
19-04-2020 00:00;20-04-2020 00:00;sect_51;37.43;98.18;4.39;15.21;9.93;0.61;74.18;0;0
20-04-2020 00:00;21-04-2020 00:00;sect_51;54.33;116.3;9.57;17.67;16.91;0.96;51.11;0;0
21-04-2020 00:00;22-04-2020 00:00;sect_51;34.82;82.04;1.03;14.56;7.48;0.56;85.96;0;0
22-04-2020 00:00;23-04-2020 00:00;sect_51;60.84;132.54;2.42;16.34;9.71;0.7;80.15;0;0
23-04-2020 00:00;24-04-2020 00:00;sect_51;54.46;118.87;3.13;15.51;10.61;0.73;71.59;0;0
24-04-2020 00:00;25-04-2020 00:00;sect_51;65.69;116.44;1.5;16.05;8.67;0.82;88.64;0;0
25-04-2020 00:00;26-04-2020 00:00;sect_51;25.6;76.31;2.11;14.19;8.73;0.55;92.06;0;0
26-04-2020 00:00;27-04-2020 00:00;sect_51;54.05;170.72;2.33;13.83;9.09;0.64;83.3;0;0
27-04-2020 00:00;28-04-2020 00:00;sect_51;27.65;63.72;1.18;12.73;6.72;0.5;89.14;0;0
28-04-2020 00:00;29-04-2020 00:00;sect_51;35.9;67.74;2.58;12.6;8.54;0.56;95.76;0;0
29-04-2020 00:00;30-04-2020 00:00;sect_51;67.13;146.73;2.33;13.06;8.44;0.78;98.15;0;0
30-04-2020 00:00;01-05-2020 00:00;sect_51;64.75;127.26;1.03;11.53;5.76;0.77;102.86;0;0
01-05-2020 00:00;02-05-2020 00:00;sect_51;61.76;145.25;2.18;11.02;7.35;0.69;113.16;0;0
02-05-2020 00:00;03-05-2020 00:00;sect_51;40.69;110.73;1.01;9.78;5.02;0.54;109.07;0;0
03-05-2020 00:00;04-05-2020 00:00;sect_51;38.42;101.57;1.05;9.62;5.17;0.56;90.19;0;0
04-05-2020 00:00;05-05-2020 00:00;sect_51;22.01;51.2;2.08;10.78;7.1;0.5;97.53;0;0
05-05-2020 00:00;06-05-2020 00:00;sect_51;53.61;96.56;0.79;12.05;5.89;0.74;98.22;0;0
06-05-2020 00:00;07-05-2020 00:00;sect_51;45.34;131.4;1.49;13.01;7.23;0.62;107.63;0;0
07-05-2020 00:00;08-05-2020 00:00;sect_51;38.56;96.52;2.23;12.92;8.41;0.6;110.9;0;0
08-05-2020 00:00;09-05-2020 00:00;sect_51;50.55;111.36;0.52;12.39;5.75;0.69;129.58;0;0
09-05-2020 00:00;10-05-2020 00:00;sect_51;60.64;124.33;1.43;11.34;6.45;0.75;137.24;0;0
10-05-2020 00:00;11-05-2020 00:00;sect_51;49.92;114.13;1.94;11.08;7.29;0.6;102.24;0;0
11-05-2020 00:00;12-05-2020 00:00;sect_51;39.6;105.43;1.12;12.2;6.32;0.59;101.01;0;0
12-05-2020 00:00;13-05-2020 00:00;sect_51;41.58;102.72;1.89;11.54;7.28;0.61;114.21;0;0
13-05-2020 00:00;14-05-2020 00:00;sect_51;57.53;141.91;1.55;12.14;5.66;0.68;102.94;0;0
14-05-2020 00:00;15-05-2020 00:00;sect_51;47.54;129.44;2.22;12.99;7.63;0.65;93.54;0;0
15-05-2020 00:00;16-05-2020 00:00;sect_51;40.47;80.5;2.19;11.78;7.17;0.56;103.08;0;0
16-05-2020 00:00;17-05-2020 00:00;sect_51;62.64;127.24;2.24;13.24;7.88;0.75;114.54;0;0
17-05-2020 00:00;18-05-2020 00:00;sect_51;67.68;191.41;2.86;17.52;11.06;0.94;81.34;0;0
18-05-2020 00:00;19-05-2020 00:00;sect_51;50.53;112.85;4.99;17.65;12.13;0.87;86.56;0;0
19-05-2020 00:00;20-05-2020 00:00;sect_51;71.41;176.09;8.51;19.11;15.01;1.04;94.35;0;0
20-05-2020 00:00;21-05-2020 00:00;sect_51;62.73;132.1;1.77;16.6;9.52;0.78;106.5;0;0
21-05-2020 00:00;22-05-2020 00:00;sect_51;49.79;148.33;6.07;15.38;11.31;0.74;97.81;0;0
22-05-2020 00:00;23-05-2020 00:00;sect_51;56.66;171.78;17.12;22;24.1;1.1;73.3;0;0
23-05-2020 00:00;24-05-2020 00:00;sect_51;72.63;278.03;2.93;17.39;10.53;0.79;80.4;0;0
24-05-2020 00:00;25-05-2020 00:00;sect_51;85.52;190.25;2.96;14.37;8.83;0.55;79.91;0;0
25-05-2020 00:00;26-05-2020 00:00;sect_51;71.14;227.62;6.85;16.4;12.92;0.81;82.07;0;0
26-05-2020 00:00;27-05-2020 00:00;sect_51;84.45;254.96;23.84;18.69;25.39;1.06;50.9;0;0
27-05-2020 00:00;28-05-2020 00:00;sect_51;139.98;348.7;5.1;19.48;13.49;0.8;100.52;0;0
28-05-2020 00:00;29-05-2020 00:00;sect_51;145.79;336.03;2.22;13.18;7.71;0.48;86.66;0;0
29-05-2020 00:00;30-05-2020 00:00;sect_51;35.69;103.96;0.31;13.22;1.23;0.41;95.95;0;0
30-05-2020 00:00;31-05-2020 00:00;sect_51;29.33;73.1;1.1;14.73;5.34;0.5;88.01;0;0
31-05-2020 00:00;01-06-2020 00:00;sect_51;30.93;89.22;1.63;15.79;6.95;0.45;86.99;0;0
01-06-2020 00:00;02-06-2020 00:00;sect_51;47.04;118.35;0.04;20.99;3.06;0.59;95.62;0;0
02-06-2020 00:00;03-06-2020 00:00;sect_51;41.11;99.08;1.47;15.33;7.76;0.54;95.13;0;0
03-06-2020 00:00;04-06-2020 00:00;sect_51;53.31;146.76;0.77;15.8;7.63;0.58;94.68;0;0
04-06-2020 00:00;05-06-2020 00:00;sect_51;71.14;191.68;0.86;19.57;10;0.67;80.61;0;0
05-06-2020 00:00;06-06-2020 00:00;sect_51;41.73;96.72;0.32;16.72;7.93;0.54;92.3;0;0
06-06-2020 00:00;07-06-2020 00:00;sect_51;49.62;136.84;0;14.11;6.09;0.54;97.52;0;0
07-06-2020 00:00;08-06-2020 00:00;sect_51;52.24;116.21;0;13.59;5.75;0.54;102.2;0;0
08-06-2020 00:00;09-06-2020 00:00;sect_51;46.7;95.93;0.61;13.99;6.08;0.54;104.78;0;0
09-06-2020 00:00;10-06-2020 00:00;sect_51;67.59;149.46;0;14.25;5.94;0.67;104.55;0;0
10-06-2020 00:00;11-06-2020 00:00;sect_51;52.78;129.78;3.97;14.82;8.02;0.62;74.4;0;0
11-06-2020 00:00;12-06-2020 00:00;sect_51;47.52;134.32;1.01;13.3;5.9;0.53;83.55;0;0
12-06-2020 00:00;13-06-2020 00:00;sect_51;79.85;193;0;13.33;5.26;0.74;104.6;0;0
13-06-2020 00:00;14-06-2020 00:00;sect_51;69.33;158.93;0;12.64;4.96;0.71;87.17;0;0
14-06-2020 00:00;15-06-2020 00:00;sect_51;79.77;186.24;1.43;14.2;6.2;0.76;85.21;0;0
15-06-2020 00:00;16-06-2020 00:00;sect_51;58.24;133.5;0;12.85;4.97;0.66;103.6;0;0
16-06-2020 00:00;17-06-2020 00:00;sect_51;53.76;120.97;0;12.66;4.79;0.65;104.77;0;0
17-06-2020 00:00;18-06-2020 00:00;sect_51;54.55;107.8;0.66;10.14;2.05;0.63;99.64;0;0
18-06-2020 00:00;19-06-2020 00:00;sect_51;51.52;150.02;0.67;5.17;2.09;0.58;93.82;0;0
19-06-2020 00:00;20-06-2020 00:00;sect_51;71.98;282.48;0.6;9.87;5.23;0.55;74.57;0;0
20-06-2020 00:00;21-06-2020 00:00;sect_51;53.57;206.6;0.64;10.74;5.64;0.5;74.76;0;0
21-06-2020 00:00;22-06-2020 00:00;sect_51;49.51;126.2;0.67;11.14;4.79;0.52;96.99;0;0
22-06-2020 00:00;23-06-2020 00:00;sect_51;49.94;94.46;0.02;9.71;3.76;0.55;119.54;0;0
23-06-2020 00:00;24-06-2020 00:00;sect_51;45.3;100.72;1.66;9.01;4.96;0.54;69.76;0;0
24-06-2020 00:00;25-06-2020 00:00;sect_51;46.2;93.03;2.33;8.19;6.15;0.5;67.8;0;0
25-06-2020 00:00;26-06-2020 00:00;sect_51;41.32;118.78;2.04;8.85;3.01;0.52;74.92;0;0
26-06-2020 00:00;27-06-2020 00:00;sect_51;60.38;184.02;1.92;10.26;6.42;0.66;55.23;0;0
27-06-2020 00:00;28-06-2020 00:00;sect_51;44.2;173.58;1.71;10.59;5.04;0.45;35.79;0;0
28-06-2020 00:00;29-06-2020 00:00;sect_51;57.03;294.92;3.34;10.62;7.17;0.51;33.83;0;0
29-06-2020 00:00;30-06-2020 00:00;sect_51;43.96;170.54;1.63;9.87;5.81;0.41;60.77;0;0
30-06-2020 00:00;01-07-2020 00:00;sect_51;52.18;143.37;2.62;11.43;7.9;0.48;79.11;0;0
01-07-2020 00:00;02-07-2020 00:00;sect_51;74.33;173.99;2.43;11.56;7.98;0.66;85.9;0;0
02-07-2020 00:00;03-07-2020 00:00;sect_51;83.26;188.45;2.19;11.53;7.63;0.7;97.28;0;0
03-07-2020 00:00;04-07-2020 00:00;sect_51;84.48;193.88;2.29;11.94;8.08;0.7;90.16;0;0
04-07-2020 00:00;05-07-2020 00:00;sect_51;60.88;121.89;2.27;10.88;7.48;0.55;81.47;0;0
05-07-2020 00:00;06-07-2020 00:00;sect_51;43.9;80.33;1.87;4.64;1.68;0.49;86.31;0;0
06-07-2020 00:00;07-07-2020 00:00;sect_51;64.64;111.32;1.48;0.13;0.69;0.57;68.18;0;0
07-07-2020 00:00;08-07-2020 00:00;sect_51;30.6;61.07;2.14;8.46;2.95;0.38;40.2;0;0
08-07-2020 00:00;09-07-2020 00:00;sect_51;36.55;72.26;1.75;10.16;6.45;0.41;44.4;0;0
09-07-2020 00:00;10-07-2020 00:00;sect_51;41.38;92.16;1.96;12.26;7.57;0.51;54.69;0;0
10-07-2020 00:00;11-07-2020 00:00;sect_51;35.76;107.81;2.16;10.32;6.63;0.37;54.73;0;0
11-07-2020 00:00;12-07-2020 00:00;sect_51;30.33;81.72;2.65;6.7;8.4;0.39;76.2;0;0
12-07-2020 00:00;13-07-2020 00:00;sect_51;29.95;67.46;5.15;3.66;11.9;0.41;59.47;0;0
13-07-2020 00:00;14-07-2020 00:00;sect_51;32.6;128.2;5.82;3.93;13.33;0.43;52.69;0;0
14-07-2020 00:00;15-07-2020 00:00;sect_51;43.95;143.08;7.36;4.57;16.11;0.44;64.26;0;0
15-07-2020 00:00;16-07-2020 00:00;sect_51;68.6;167.96;4.87;3.25;8.24;0.39;47.35;0;0
16-07-2020 00:00;17-07-2020 00:00;sect_51;43.07;103.88;3.29;3.15;9.28;0.51;13.29;0;0
17-07-2020 00:00;18-07-2020 00:00;sect_51;54.78;112.4;3.56;2.9;9.12;0.55;67.75;0;0
18-07-2020 00:00;19-07-2020 00:00;sect_51;53.08;124.87;3.95;3.17;10.02;0.61;68.04;0;0
19-07-2020 00:00;20-07-2020 00:00;sect_51;26.84;70.82;3.71;2.99;9.44;0.56;47.41;0;0
20-07-2020 00:00;21-07-2020 00:00;sect_51;21.66;60.12;1.77;7;8.99;0.37;67.76;0;0
21-07-2020 00:00;22-07-2020 00:00;sect_51;27.5;90.49;0.94;2.26;0.55;0.42;45.37;0;0
22-07-2020 00:00;23-07-2020 00:00;sect_51;20.26;56.46;2.39;10.57;4.56;0.51;27.55;0;0
23-07-2020 00:00;24-07-2020 00:00;sect_51;37.1;107.25;6.75;9.76;7.74;0.58;45.68;0;0
24-07-2020 00:00;25-07-2020 00:00;sect_51;61.92;145.67;5.02;7.28;5.16;0.72;49.86;0;0
25-07-2020 00:00;26-07-2020 00:00;sect_51;43.83;115.22;2.54;9.18;4.61;0.57;38.79;0;0
26-07-2020 00:00;27-07-2020 00:00;sect_51;51.53;138.74;3.2;9.72;5.69;0.61;48.57;0;0
27-07-2020 00:00;28-07-2020 00:00;sect_51;41.23;113.69;3.41;9.68;6.22;0.55;45.59;0;0
28-07-2020 00:00;29-07-2020 00:00;sect_51;28.56;92.54;4.62;11.84;8.33;0.49;37.55;0;0
29-07-2020 00:00;30-07-2020 00:00;sect_51;28.43;122.95;8.69;14.23;12.84;0.31;34.98;0;0
30-07-2020 00:00;31-07-2020 00:00;sect_51;19.28;62.63;10.23;10.01;9.02;0.42;39.22;0;0
31-07-2020 00:00;01-08-2020 00:00;sect_51;53.17;113.97;5.5;8.89;6.94;0.56;32.84;0;0
01-08-2020 00:00;02-08-2020 00:00;sect_51;53.22;116.53;4.54;7.7;5.76;0.65;20.9;0;0
02-08-2020 00:00;03-08-2020 00:00;sect_51;35.65;83.16;3.96;7.97;4.9;0.51;0.47;0;0
03-08-2020 00:00;04-08-2020 00:00;sect_51;30.82;71.46;2.96;7.84;3.79;0.52;4.09;0;0
04-08-2020 00:00;05-08-2020 00:00;sect_51;28.67;85.6;4.92;6.94;5.72;0.44;21.7;0;0
05-08-2020 00:00;06-08-2020 00:00;sect_51;46.49;138.76;5.12;9.05;7.27;0.76;15.97;0;0
06-08-2020 00:00;07-08-2020 00:00;sect_51;27.75;70.47;4.9;7.43;4.87;0.56;15.67;0;0
07-08-2020 00:00;08-08-2020 00:00;sect_51;35.7;68.1;4.57;7.05;4.52;0.44;16.01;0;0
08-08-2020 00:00;09-08-2020 00:00;sect_51;62.42;131.54;3.28;3.06;2.63;0.6;16.8;0;0
09-08-2020 00:00;10-08-2020 00:00;sect_51;33.38;79.16;3.64;3.01;2.92;0.59;16.17;0;0
10-08-2020 00:00;11-08-2020 00:00;sect_51;46.45;103.85;3.58;3;2.84;0.57;16.1;0;0
11-08-2020 00:00;12-08-2020 00:00;sect_51;51.45;105.39;4.26;4.29;4.13;0.5;19.67;0;0
12-08-2020 00:00;13-08-2020 00:00;sect_51;27.33;72.9;4.14;5.61;4.4;0.41;19.77;0;0
13-08-2020 00:00;14-08-2020 00:00;sect_51;18.48;49.81;4.4;7.35;5.49;0.3;18.68;0;0
14-08-2020 00:00;15-08-2020 00:00;sect_51;34.03;85.17;5.43;7.12;6.51;0.31;19;0;0
15-08-2020 00:00;16-08-2020 00:00;sect_51;48.99;146.14;4.32;5.67;4.86;0.51;20.45;0;0
16-08-2020 00:00;17-08-2020 00:00;sect_51;34.6;117.01;4.36;5.72;4.92;0.49;18.67;0;0
17-08-2020 00:00;18-08-2020 00:00;sect_51;42.03;165.99;4.46;6.9;5.38;0.48;18.87;0;0
18-08-2020 00:00;19-08-2020 00:00;sect_51;37.92;130.34;5.28;7.06;5.57;0.54;19.3;0;0
19-08-2020 00:00;20-08-2020 00:00;sect_51;31.95;193.06;5.63;7.83;6.01;0.58;20.38;0;0
20-08-2020 00:00;21-08-2020 00:00;sect_51;27.89;354.99;4.83;7.12;5.19;0.52;20.36;0;0
21-08-2020 00:00;22-08-2020 00:00;sect_51;20.43;88.5;4.46;7.45;5.9;0.53;20.76;0;0
22-08-2020 00:00;23-08-2020 00:00;sect_51;18.96;67.54;4.53;6.53;5.48;0.41;20.73;0;0
23-08-2020 00:00;24-08-2020 00:00;sect_51;21.39;65.84;4.2;5.68;4.77;0.39;20.78;0;0
24-08-2020 00:00;25-08-2020 00:00;sect_51;26.63;69.93;13.38;5.81;12.2;0.47;20.23;0;0
25-08-2020 00:00;26-08-2020 00:00;sect_51;25.26;72.5;9.17;6.23;9.04;0.49;20.42;0;0
26-08-2020 00:00;27-08-2020 00:00;sect_51;19.88;84.81;6.65;6.65;7.24;0.48;20.35;0;0
27-08-2020 00:00;28-08-2020 00:00;sect_51;27.79;93.85;6.51;6.61;7.08;0.51;20.19;0;0
28-08-2020 00:00;29-08-2020 00:00;sect_51;37.18;133;7.22;10.97;9.95;0.53;26.03;0;0
29-08-2020 00:00;30-08-2020 00:00;sect_51;39.85;97.8;5.95;7.09;6.86;0.56;20.57;0;0
30-08-2020 00:00;31-08-2020 00:00;sect_51;29.87;72.43;4.07;5.61;4.63;0.44;20.17;0;0
31-08-2020 00:00;01-09-2020 00:00;sect_51;17.05;49.54;4.12;5.53;5.5;0.32;20.55;0;0
01-09-2020 00:00;02-09-2020 00:00;sect_51;20.7;69.12;4.91;5.41;7.23;0.38;20.55;0;0
02-09-2020 00:00;03-09-2020 00:00;sect_51;25.14;78.85;4.57;6.6;7.96;0.44;20.37;0;0
03-09-2020 00:00;04-09-2020 00:00;sect_51;47.3;120.85;3.66;7.24;7.9;0.49;21.04;0;0
04-09-2020 00:00;05-09-2020 00:00;sect_51;48.75;118.71;4.65;7.07;8.72;0.5;20.51;0;0
05-09-2020 00:00;06-09-2020 00:00;sect_51;42.6;93.08;4.57;8.12;9.44;0.49;21.41;0;0
06-09-2020 00:00;07-09-2020 00:00;sect_51;34.54;65.44;5.64;8.71;11.62;0.56;21.14;0;0
07-09-2020 00:00;08-09-2020 00:00;sect_51;61.03;159.3;7.44;9.45;13.11;0.8;20.52;0;0
08-09-2020 00:00;09-09-2020 00:00;sect_51;43.98;83.97;5.31;8.26;10.5;0.53;20.84;0;0
09-09-2020 00:00;10-09-2020 00:00;sect_51;81.45;180.32;11.66;8.25;16.46;0.73;21.73;0;0
10-09-2020 00:00;11-09-2020 00:00;sect_51;68.8;199.44;4.32;6.37;6.72;0.65;20.74;0;0
11-09-2020 00:00;12-09-2020 00:00;sect_51;96.89;194.71;10.95;4.65;12.68;0.82;21.31;0;0
12-09-2020 00:00;13-09-2020 00:00;sect_51;73.9;223.18;20.08;5.44;20.68;0.97;21.54;0;0
13-09-2020 00:00;14-09-2020 00:00;sect_51;75.05;221.65;11.06;5.99;14.05;0.83;21.93;0;0
14-09-2020 00:00;15-09-2020 00:00;sect_51;84.51;237.28;6.16;4.8;7.96;0.76;21.25;0;0
15-09-2020 00:00;16-09-2020 00:00;sect_51;70.07;205.09;8.7;4.47;10.06;0.76;22.07;0;0
16-09-2020 00:00;17-09-2020 00:00;sect_51;81.76;217.72;6.32;4.24;7.57;0.84;21.72;0;0
17-09-2020 00:00;18-09-2020 00:00;sect_51;58.13;132.5;5.07;3.81;5.9;0.59;21.2;0;0
18-09-2020 00:00;19-09-2020 00:00;sect_51;52.56;127.57;5.82;2.66;5.42;0.52;21.18;0;0
19-09-2020 00:00;20-09-2020 00:00;sect_51;63.68;129.67;4.94;2.4;4.29;0.61;21.63;0;0
20-09-2020 00:00;21-09-2020 00:00;sect_51;83.93;183.02;7.44;3.35;7.79;0.78;21.43;0;0
21-09-2020 00:00;22-09-2020 00:00;sect_51;89.63;220.26;5.06;3.25;4.95;0.67;22.14;0;0
22-09-2020 00:00;23-09-2020 00:00;sect_51;65.49;177.74;3.87;2.53;3.37;0.57;16.95;0;0
23-09-2020 00:00;24-09-2020 00:00;sect_51;47.32;106.63;6.91;3.39;6.19;0.47;21.02;0;0
24-09-2020 00:00;25-09-2020 00:00;sect_51;48.26;113.76;8.59;2.88;8.38;0.54;22.45;0;0
25-09-2020 00:00;26-09-2020 00:00;sect_51;76.19;201.36;10.76;3.48;11.28;0.74;22.58;0;0
26-09-2020 00:00;27-09-2020 00:00;sect_51;80.78;199.24;22.76;5.78;25.26;0.95;20.55;0;0
27-09-2020 00:00;28-09-2020 00:00;sect_51;44.21;142.53;7.99;3.87;8.61;0.54;21.33;0;0
28-09-2020 00:00;29-09-2020 00:00;sect_51;82.15;235.34;25.13;5.01;23.22;0.85;21.67;0;0
29-09-2020 00:00;30-09-2020 00:00;sect_51;76.61;219.48;4.93;4.86;6.7;0.64;52.99;0;0
30-09-2020 00:00;01-10-2020 00:00;sect_51;73.6;206.56;3.14;5.61;4.96;0.58;54.11;0;0
01-10-2020 00:00;02-10-2020 00:00;sect_51;84.21;194.57;9.43;8.7;11.04;0.8;34.94;0;0
02-10-2020 00:00;03-10-2020 00:00;sect_51;73.31;205.22;14.39;8.49;14.14;0.97;43.55;0;0
03-10-2020 00:00;04-10-2020 00:00;sect_51;80.58;202.27;3.03;7.88;4.35;0.88;36.78;0;0
04-10-2020 00:00;05-10-2020 00:00;sect_51;108.89;230.15;3.29;2.62;1.8;0.89;50.25;0;0
05-10-2020 00:00;06-10-2020 00:00;sect_51;89.4;255.57;4.65;7.83;7.22;0.79;44.52;0;0
06-10-2020 00:00;07-10-2020 00:00;sect_51;89.81;254.86;22.8;16.38;26.43;1.03;37.86;0;0
07-10-2020 00:00;08-10-2020 00:00;sect_51;96.93;223.53;23.16;17.07;25.9;1.1;40.19;0;0
08-10-2020 00:00;09-10-2020 00:00;sect_51;100.41;261.99;8.85;16.7;15.65;0.89;45.16;0;0
09-10-2020 00:00;10-10-2020 00:00;sect_51;132.16;292.27;16.25;18.76;8.9;0.82;40.45;0;0
10-10-2020 00:00;11-10-2020 00:00;sect_51;95.24;232.72;0;0;0;1.08;49.99;0;0
11-10-2020 00:00;12-10-2020 00:00;sect_51;96.29;243.97;3.14;5.68;3.74;0.94;44.12;0;0
12-10-2020 00:00;13-10-2020 00:00;sect_51;174.53;333.13;34.16;31.45;8.45;1.71;28.34;0.03;2.5
13-10-2020 00:00;14-10-2020 00:00;sect_51;165.08;365.23;18.12;11.13;21.77;1.85;36.53;0;0
14-10-2020 00:00;15-10-2020 00:00;sect_51;144.49;341.03;5.95;6.97;14.52;1.17;46.5;0;0
15-10-2020 00:00;16-10-2020 00:00;sect_51;132.73;351.21;11.12;10.81;7.33;1.47;38.71;0;0
16-10-2020 00:00;17-10-2020 00:00;sect_51;118.54;296.95;9.89;11.53;10.75;1.08;43.85;0;0
17-10-2020 00:00;18-10-2020 00:00;sect_51;157.4;413.23;21.32;21.92;13.83;1.53;45.57;0;0
18-10-2020 00:00;19-10-2020 00:00;sect_51;131.49;352.96;17.9;17.95;7.51;1.48;41.77;0;0
19-10-2020 00:00;20-10-2020 00:00;sect_51;127.02;303.47;8.48;10.5;7.78;1.13;46.48;0;0
20-10-2020 00:00;21-10-2020 00:00;sect_51;129.78;317.43;11.03;14.41;13.84;1.09;26.13;0;0
21-10-2020 00:00;22-10-2020 00:00;sect_51;173.24;345.14;28.05;29.24;16.11;1.51;15.99;0;0
22-10-2020 00:00;23-10-2020 00:00;sect_51;172.06;365.08;26.66;29.47;19.57;1.74;22.86;0.01;1
23-10-2020 00:00;24-10-2020 00:00;sect_51;248.35;431.38;27.55;31.36;20.98;2.24;52.5;0;0
24-10-2020 00:00;25-10-2020 00:00;sect_51;228.31;425.59;33.61;35.69;17.81;1.93;38.87;0;0
25-10-2020 00:00;26-10-2020 00:00;sect_51;237.61;457;32.87;36.61;19.6;2.04;36.21;0;0
26-10-2020 00:00;27-10-2020 00:00;sect_51;193.35;400.97;14.71;20.78;19.39;1.59;30.98;0;0
27-10-2020 00:00;28-10-2020 00:00;sect_51;191.96;404.04;16.46;20.61;15.15;1.43;23.85;0;0
28-10-2020 00:00;29-10-2020 00:00;sect_51;273.73;431.68;44.39;46.06;21.56;2.32;34.61;0;0
29-10-2020 00:00;30-10-2020 00:00;sect_51;338.45;530.52;45.97;48.48;22.22;2.96;28.19;0;0
30-10-2020 00:00;31-10-2020 00:00;sect_51;273.42;514.05;34.2;36.96;19.17;1.98;16.92;0.03;2.5
31-10-2020 00:00;01-11-2020 00:00;sect_51;295.99;473.7;2.29;9.87;15.69;1.31;18.59;0;0
01-11-2020 00:00;02-11-2020 00:00;sect_51;278.64;498.72;11.25;16.87;11.47;1.36;15.51;0;0
02-11-2020 00:00;03-11-2020 00:00;sect_51;271.01;351.06;31.65;31.12;16.34;1.52;16.36;0;0
03-11-2020 00:00;04-11-2020 00:00;sect_51;244.92;414.74;36.07;37.45;16.33;1.77;13.15;0;0
04-11-2020 00:00;05-11-2020 00:00;sect_51;402.49;535.16;29.2;33.03;16.6;2.55;9.47;0;0
05-11-2020 00:00;06-11-2020 00:00;sect_51;441.46;536.87;31.96;32.86;11.77;3.2;14.73;0;0
06-11-2020 00:00;07-11-2020 00:00;sect_51;446.07;628.07;72.48;71.54;27.22;3.38;6.65;0;0
07-11-2020 00:00;08-11-2020 00:00;sect_51;504.4;583.91;81.27;76;22.66;3.49;7.43;0;0
08-11-2020 00:00;09-11-2020 00:00;sect_51;491.37;741.63;67.36;67.94;28.18;3.63;7.53;0;0
09-11-2020 00:00;10-11-2020 00:00;sect_51;560.22;859.34;49.79;55.27;30.88;4.07;4.98;0;0
10-11-2020 00:00;11-11-2020 00:00;sect_51;450.49;660;54.51;57.97;28.83;3.49;13.51;0;0
11-11-2020 00:00;12-11-2020 00:00;sect_51;176.18;292.51;34.38;38.3;22.11;1.83;12.2;0;0
12-11-2020 00:00;13-11-2020 00:00;sect_51;243.93;445.44;50.41;52.24;24.21;1.99;10.17;0;0
13-11-2020 00:00;14-11-2020 00:00;sect_51;205.39;395.91;51.81;52.49;22.47;2.27;14.4;0;0
14-11-2020 00:00;15-11-2020 00:00;sect_51;327.73;443.25;56.6;57;26;3;15.67;0;0
15-11-2020 00:00;16-11-2020 00:00;sect_51;320.9;407.72;4.59;7.87;14.15;1.1;33.66;0.01;1
16-11-2020 00:00;17-11-2020 00:00;sect_51;104.53;130.53;3.42;7.34;12.07;0.74;15.56;0;0
17-11-2020 00:00;18-11-2020 00:00;sect_51;87.96;126.67;4.86;9.13;12.54;0.78;14.91;0.01;1
18-11-2020 00:00;19-11-2020 00:00;sect_51;72.49;121.63;5.85;10.43;13.15;0.85;14.71;0;0
19-11-2020 00:00;20-11-2020 00:00;sect_51;89.49;179.16;13.24;18.47;16.55;1.39;14.91;0;0
20-11-2020 00:00;21-11-2020 00:00;sect_51;116.06;163.71;9.48;15.09;15.86;1.25;30.55;0;0
21-11-2020 00:00;22-11-2020 00:00;sect_51;91.62;133.67;2.05;7.42;12.78;0.78;37.54;0;0
22-11-2020 00:00;23-11-2020 00:00;sect_51;101.84;174.23;10.12;13.62;14.44;1.06;31.11;0.03;2.5
23-11-2020 00:00;24-11-2020 00:00;sect_51;171.71;314.03;49.94;50.02;20.63;2.24;22.72;0;0
24-11-2020 00:00;25-11-2020 00:00;sect_51;113.6;227.89;33.27;35.4;18.22;1.72;28.25;0;0
25-11-2020 00:00;26-11-2020 00:00;sect_51;146.15;222.6;2.3;10.32;17.8;1.27;36.33;0;0
26-11-2020 00:00;27-11-2020 00:00;sect_51;83.31;130.32;5.05;11.31;15.44;1.03;28.55;0;0
27-11-2020 00:00;28-11-2020 00:00;sect_51;57.03;89.97;3.05;8.38;12.9;0.61;25.33;0;0
28-11-2020 00:00;29-11-2020 00:00;sect_51;83.85;130.29;4.91;9.55;12.63;0.8;33.14;0;0
29-11-2020 00:00;30-11-2020 00:00;sect_51;171.1;228.21;27.3;29.75;16.39;1.72;30.12;0;0
30-11-2020 00:00;01-12-2020 00:00;sect_51;149.6;249.12;51.59;48.01;18.49;2.25;26.9;0;0
01-12-2020 00:00;02-12-2020 00:00;sect_51;152.44;337.53;51.22;47.36;21.93;2.44;32.07;0;0
02-12-2020 00:00;03-12-2020 00:00;sect_51;146.37;259.32;40.58;41.27;18.23;2.29;23.76;0;0
03-12-2020 00:00;04-12-2020 00:00;sect_51;180.63;278.39;29.37;29.13;14.35;1.71;36.6;0;0
04-12-2020 00:00;05-12-2020 00:00;sect_51;132.76;198.39;30.79;26.49;9.04;1.81;38.12;0;0
05-12-2020 00:00;06-12-2020 00:00;sect_51;134.34;213.61;1.5;7.03;11.85;1.31;49.93;0;0
06-12-2020 00:00;07-12-2020 00:00;sect_51;140.54;244.91;1.7;6.35;5.35;1.42;34.46;0;0
07-12-2020 00:00;08-12-2020 00:00;sect_51;171.68;278.85;23.51;20.78;16.71;1.78;26.51;0;0
08-12-2020 00:00;09-12-2020 00:00;sect_51;168.99;301.01;50.33;38.18;7.26;2.4;32.87;0.06;5.5
09-12-2020 00:00;10-12-2020 00:00;sect_51;147.83;328.7;62.17;47.35;8.14;2.45;24.01;0;0
10-12-2020 00:00;11-12-2020 00:00;sect_51;108.33;207.08;63.39;45.84;8.54;2.35;14.46;0;0
11-12-2020 00:00;12-12-2020 00:00;sect_51;138.42;220.65;33.79;29.76;12.94;1.67;8.84;0;0
12-12-2020 00:00;13-12-2020 00:00;sect_51;126.11;163.7;8.74;16.26;18.64;1.17;13.3;0;0
13-12-2020 00:00;14-12-2020 00:00;sect_51;70.93;94.75;8.27;17.01;21.38;0.85;18.75;0;0
14-12-2020 00:00;15-12-2020 00:00;sect_51;51.95;78.7;3.85;11.4;17.43;0.47;25.17;0;0
15-12-2020 00:00;16-12-2020 00:00;sect_51;87.82;123.01;5.96;14.67;20.45;0.67;17.88;0;0
16-12-2020 00:00;17-12-2020 00:00;sect_51;96.18;123.01;6.31;14.74;20.04;0.73;14.03;0;0
17-12-2020 00:00;18-12-2020 00:00;sect_51;104.99;137.03;4.92;12.29;18.35;0.69;19.72;0;0
18-12-2020 00:00;19-12-2020 00:00;sect_51;82.6;118.4;6.26;14.57;20.37;0.7;30.01;0;0
19-12-2020 00:00;20-12-2020 00:00;sect_51;114.48;165.67;13.04;19.12;14.57;0.88;28;0;0
20-12-2020 00:00;21-12-2020 00:00;sect_51;122.02;177.48;9.25;20.04;20.48;1.03;25.91;0;0
21-12-2020 00:00;22-12-2020 00:00;sect_51;154.42;261.98;26.08;32.09;25.06;1.4;24.56;0;0
22-12-2020 00:00;23-12-2020 00:00;sect_51;279.1;308.1;114.35;96.09;11.63;2.99;12.43;0;0
23-12-2020 00:00;24-12-2020 00:00;sect_51;223.92;329.52;147.32;119.65;17.49;3.23;16.81;0;0
24-12-2020 00:00;25-12-2020 00:00;sect_51;228.07;331.8;148.3;107.14;17.57;3.32;16.78;0;0
25-12-2020 00:00;26-12-2020 00:00;sect_51;129.29;193.11;83.82;74.81;18.22;2.06;19.12;0;0
26-12-2020 00:00;27-12-2020 00:00;sect_51;229.63;292.2;89.64;80.31;21;2.57;20.25;0;0
27-12-2020 00:00;28-12-2020 00:00;sect_51;177.56;259.39;89.65;73.89;14.39;2.43;26.6;0;0
28-12-2020 00:00;29-12-2020 00:00;sect_51;88.96;191.44;5.83;14.69;20.69;0.67;23.07;0;0
29-12-2020 00:00;30-12-2020 00:00;sect_51;119.38;190.76;7.14;17.97;26.48;0.83;21.61;0;0
30-12-2020 00:00;31-12-2020 00:00;sect_51;104.67;144.75;4.25;15.54;21.3;0.94;17.67;0;0
31-12-2020 00:00;01-01-2021 00:00;sect_51;159.74;223.74;28.61;35.23;25.32;1.41;9.49;0;0
01-01-2021 00:00;02-01-2021 00:00;sect_51;252.92;334.37;80.28;73.49;21.54;2.63;19.22;0;0
02-01-2021 00:00;03-01-2021 00:00;sect_51;164.21;217.25;4.38;14.05;23.72;1.28;29.68;0.04;3.5
03-01-2021 00:00;04-01-2021 00:00;sect_51;97.29;142.61;7.94;11.46;15.27;1;4.95;0.68;64.5
04-01-2021 00:00;05-01-2021 00:00;sect_51;51.5;95.6;8.75;8.9;9.7;0.66;7.34;0.25;24
05-01-2021 00:00;06-01-2021 00:00;sect_51;50.22;74.24;6.56;3.18;3.09;0.69;13.61;0.01;0.5
06-01-2021 00:00;07-01-2021 00:00;sect_51;107.79;132.34;7.75;3.53;2.86;1.08;11.78;0.19;18
07-01-2021 00:00;08-01-2021 00:00;sect_51;75.25;107.43;7.09;3.05;2.97;0.64;17.55;0.01;0.5
08-01-2021 00:00;09-01-2021 00:00;sect_51;87.35;147.57;4.32;3.51;4.68;0.87;9.45;0;0
09-01-2021 00:00;10-01-2021 00:00;sect_51;92.42;148.48;5.19;7.01;16.29;0.81;14.45;0;0
10-01-2021 00:00;11-01-2021 00:00;sect_51;91.84;143.14;14.67;11.68;37.54;0.65;23.13;0;0
11-01-2021 00:00;12-01-2021 00:00;sect_51;75.97;123.91;14.81;11.78;37.52;0.68;23.61;0;0
12-01-2021 00:00;13-01-2021 00:00;sect_51;121.41;190.3;15.2;12.24;37.8;1.15;17.62;0;0
13-01-2021 00:00;14-01-2021 00:00;sect_51;205.68;286.88;15.31;12.32;37.78;2.11;11.56;0;0
14-01-2021 00:00;15-01-2021 00:00;sect_51;224.72;309.94;14.65;11.71;26.82;2.45;17.53;0;0
15-01-2021 00:00;16-01-2021 00:00;sect_51;334.11;422.11;18.69;13.95;32;1.81;32.2;0;0
16-01-2021 00:00;17-01-2021 00:00;sect_51;194.56;264.43;19.79;14.79;39.57;2.48;11.74;0;0
17-01-2021 00:00;18-01-2021 00:00;sect_51;193.51;219.58;19.69;14.69;39.52;1.52;14.43;0;0
18-01-2021 00:00;19-01-2021 00:00;sect_51;211.08;283.33;19.98;14.98;39.63;1.42;20.34;0;0
19-01-2021 00:00;20-01-2021 00:00;sect_51;238.36;423.43;20.8;15.8;39.94;2.67;7.75;0;0
20-01-2021 00:00;21-01-2021 00:00;sect_51;83.52;148.91;20.97;15.96;40;0.91;19.73;0;0
21-01-2021 00:00;22-01-2021 00:00;sect_51;146.15;244.01;23.99;19;41.18;1.31;28.45;0;0
22-01-2021 00:00;23-01-2021 00:00;sect_51;215.75;300.52;39.16;34.37;44.14;1.28;11.76;0;0
23-01-2021 00:00;24-01-2021 00:00;sect_51;128.74;201.49;49.05;43.06;48.03;0.46;27.83;0;0
24-01-2021 00:00;25-01-2021 00:00;sect_51;124.86;226.47;42.58;36.58;40.63;0.5;16.19;0;0
25-01-2021 00:00;26-01-2021 00:00;sect_51;153.17;238.82;47.3;40.7;40.92;0.44;27.84;0;0
26-01-2021 00:00;27-01-2021 00:00;sect_51;181.15;308.09;46.23;38.24;44.55;0.52;29.05;0;0
27-01-2021 00:00;28-01-2021 00:00;sect_51;187.3;333.34;24.69;16.67;24.22;0.8;26.83;0;0
28-01-2021 00:00;29-01-2021 00:00;sect_51;223.71;409.55;17.96;9.96;18.87;1.02;25.14;0;0
29-01-2021 00:00;30-01-2021 00:00;sect_51;198.36;302.85;18.91;10.91;19.23;0.6;26.6;0;0
30-01-2021 00:00;31-01-2021 00:00;sect_51;158.65;276.98;25.98;17.98;25.72;0.48;32.17;0;0
31-01-2021 00:00;01-02-2021 00:00;sect_51;211.64;382.12;29.39;21.38;29.39;1.11;19.24;0;0
01-02-2021 00:00;02-02-2021 00:00;sect_51;185;298.16;29.39;21.4;29.44;0.69;22.38;0;0
02-02-2021 00:00;03-02-2021 00:00;sect_51;279.69;459.45;18.55;22.49;25.23;0.94;26.84;0;0
03-02-2021 00:00;04-02-2021 00:00;sect_51;195;309.83;2.86;19.59;11.36;0.4;42.44;0;0
04-02-2021 00:00;05-02-2021 00:00;sect_51;165.31;240.09;3.7;9.56;4.01;0.39;31.44;0.03;3
05-02-2021 00:00;06-02-2021 00:00;sect_51;116.47;160.11;4.35;10.1;4.03;0.39;17.08;0;0
06-02-2021 00:00;07-02-2021 00:00;sect_51;105.28;156.59;2.48;8.58;3.99;0.29;23.82;0;0
07-02-2021 00:00;08-02-2021 00:00;sect_51;165.32;259.61;6.45;17.31;11.78;0.39;28.5;0;0
08-02-2021 00:00;09-02-2021 00:00;sect_51;237.75;500.03;12.39;25.75;21.16;0.81;26.51;0;0
09-02-2021 00:00;10-02-2021 00:00;sect_51;193.42;306.11;17.9;13.07;23.97;0.83;25.97;0;0
10-02-2021 00:00;11-02-2021 00:00;sect_51;133.28;223.66;9.65;11.03;12.32;0.43;33.67;0;0
11-02-2021 00:00;12-02-2021 00:00;sect_51;213.61;310.75;7.24;14.6;3.91;0.66;25.88;0;0
12-02-2021 00:00;13-02-2021 00:00;sect_51;261.31;388.23;17.31;26.98;5.21;0.71;25.61;0;0
13-02-2021 00:00;14-02-2021 00:00;sect_51;231.88;409.79;12.72;21.4;5.7;0.9;26.44;0;0
14-02-2021 00:00;15-02-2021 00:00;sect_51;264.54;443.72;10.72;18.77;7.99;0.84;26;0;0
15-02-2021 00:00;16-02-2021 00:00;sect_51;201.07;395.74;9;16.64;7.1;0.98;24.33;0;0
16-02-2021 00:00;17-02-2021 00:00;sect_51;206.92;352.28;11.97;20.27;9.55;1.3;34.81;0;0
17-02-2021 00:00;18-02-2021 00:00;sect_51;234.95;419.11;8.99;17.88;7.37;1.37;27.01;0;0
18-02-2021 00:00;19-02-2021 00:00;sect_51;215.25;423.26;6.22;15.8;6.42;1.74;31.2;0;0
19-02-2021 00:00;20-02-2021 00:00;sect_51;247.13;421.76;18.01;19.52;18.45;1.65;27.03;0;0
20-02-2021 00:00;21-02-2021 00:00;sect_51;156.75;255.68;8.02;15.01;5.04;1.25;22.79;0;0
21-02-2021 00:00;22-02-2021 00:00;sect_51;198.91;321.23;7.98;14.97;5.01;1.09;31.45;0;0
22-02-2021 00:00;23-02-2021 00:00;sect_51;188.92;325.17;8;15.04;5.04;1.01;28.33;0;0
23-02-2021 00:00;24-02-2021 00:00;sect_51;198.04;402.2;7.96;14.97;4.96;1.46;24.61;0;0
24-02-2021 00:00;25-02-2021 00:00;sect_51;155.57;361.13;8.02;14.99;4.98;1.31;25.72;0;0
25-02-2021 00:00;26-02-2021 00:00;sect_51;162.57;351.29;8;15.01;4.96;1.26;23.69;0;0
26-02-2021 00:00;27-02-2021 00:00;sect_51;115.93;268.13;5.91;13.28;4.54;0.73;23.73;0;0
27-02-2021 00:00;28-02-2021 00:00;sect_51;83.34;312.73;0.53;8.81;3.07;0.64;28.91;0;0
28-02-2021 00:00;01-03-2021 00:00;sect_51;133.58;294.55;2.04;9.5;6.12;0.86;32.31;0;0
01-03-2021 00:00;02-03-2021 00:00;sect_51;103.27;195.63;1.32;8.26;8.01;0.52;36.62;0;0
02-03-2021 00:00;03-03-2021 00:00;sect_51;112.19;195.51;1.52;8.42;8.01;0.43;50.55;0;0
03-03-2021 00:00;04-03-2021 00:00;sect_51;121.69;222.55;3.76;11.04;10.33;0.73;36.8;0;0
04-03-2021 00:00;05-03-2021 00:00;sect_51;146.28;366.7;6.33;14.27;13;1.22;31.11;0;0
05-03-2021 00:00;06-03-2021 00:00;sect_51;157.27;295.86;3.68;10.48;10.02;1.07;37.15;0;0
06-03-2021 00:00;07-03-2021 00:00;sect_51;112.2;267.76;1.66;7.72;11.91;0.72;40.31;0;0
07-03-2021 00:00;08-03-2021 00:00;sect_51;100.17;264.38;1.25;7.38;14.98;0.88;43.47;0;0
08-03-2021 00:00;09-03-2021 00:00;sect_51;98.54;266.48;2.1;8.08;10.11;0.65;36.9;0;0
09-03-2021 00:00;10-03-2021 00:00;sect_51;119.29;298.77;2.55;8.45;15.01;0.69;20.06;0.05;5
10-03-2021 00:00;11-03-2021 00:00;sect_51;96.36;193.05;2.67;8.54;15.01;0.49;19.9;0;0
11-03-2021 00:00;12-03-2021 00:00;sect_51;147.75;393.94;2.74;8.6;15.02;0.98;20.03;0;0
12-03-2021 00:00;13-03-2021 00:00;sect_51;181.3;281.21;2.74;8.6;15.01;0.59;20;0.11;10
13-03-2021 00:00;14-03-2021 00:00;sect_51;138.52;210.39;2.31;8.25;14.85;0.63;19.96;0;0
14-03-2021 00:00;15-03-2021 00:00;sect_51;108.87;239.1;1.55;7.63;14.99;0.66;20.01;0;0
15-03-2021 00:00;16-03-2021 00:00;sect_51;100.17;253.3;1.29;7.42;14.99;0.65;20.02;0;0
16-03-2021 00:00;17-03-2021 00:00;sect_51;129.82;333.26;1.5;7.59;14.99;0.61;20.02;0;0
17-03-2021 00:00;18-03-2021 00:00;sect_51;161.78;400.4;1.45;7.47;14.81;0.71;20.05;0;0
18-03-2021 00:00;19-03-2021 00:00;sect_51;180.66;470.52;1.11;4.97;14.98;0.78;20.03;0;0
19-03-2021 00:00;20-03-2021 00:00;sect_51;110.78;264.34;3.61;5.63;15.02;0.61;19.92;0;0
20-03-2021 00:00;21-03-2021 00:00;sect_51;117.92;232.47;2.49;4.5;15.01;0.78;20.03;0;0
21-03-2021 00:00;22-03-2021 00:00;sect_51;122.17;296.68;2.62;4.64;15.01;1.24;20.01;0;0
22-03-2021 00:00;23-03-2021 00:00;sect_51;82.39;230.06;2.6;4.6;15.01;0.6;19.92;0.03;3
23-03-2021 00:00;24-03-2021 00:00;sect_51;85.14;247.91;4.36;7.43;13.74;0.52;20.04;0.01;0.5
24-03-2021 00:00;25-03-2021 00:00;sect_51;53.92;162.71;5.7;10.57;11.79;0.43;19.99;0;0
25-03-2021 00:00;26-03-2021 00:00;sect_51;82.39;151.81;5.07;10.06;11.78;0.45;19.96;0;0
26-03-2021 00:00;27-03-2021 00:00;sect_51;95.53;159.3;5.45;10.37;11.78;0.56;34.8;0;0
27-03-2021 00:00;28-03-2021 00:00;sect_51;109.63;293.17;5.16;10.12;11.77;1;32.72;0;0
28-03-2021 00:00;29-03-2021 00:00;sect_51;139.42;353.4;5.09;10.07;11.77;1.42;32.27;0;0
29-03-2021 00:00;30-03-2021 00:00;sect_51;123.32;250;5.1;10.07;11.77;0.85;39.77;0;0
30-03-2021 00:00;31-03-2021 00:00;sect_51;127.8;416.05;5.29;10.23;11.78;0.8;32.09;0;0
31-03-2021 00:00;01-04-2021 00:00;sect_51;69.68;254.52;6.11;11.06;12.92;0.37;44.38;0;0
01-04-2021 00:00;02-04-2021 00:00;sect_51;46.98;253.99;11.29;9.71;11.49;0.34;40.07;0;0
02-04-2021 00:00;03-04-2021 00:00;sect_51;67.11;181.43;14.7;4.33;7.33;0.5;31.54;0;0
03-04-2021 00:00;04-04-2021 00:00;sect_51;66.53;189.58;9.39;10.42;11.89;0.74;33.62;0;0
04-04-2021 00:00;05-04-2021 00:00;sect_51;121.36;284.57;9;13.81;15.79;1.17;36.91;0;0
05-04-2021 00:00;06-04-2021 00:00;sect_51;149.49;338.15;10.89;15.9;18.74;1.09;42.95;0;0
06-04-2021 00:00;07-04-2021 00:00;sect_51;160.13;324.87;10.9;16.04;20.53;0.84;75.17;0;0
07-04-2021 00:00;08-04-2021 00:00;sect_51;151.46;315.09;8.34;13.27;19.89;0.57;49.58;0;0
08-04-2021 00:00;09-04-2021 00:00;sect_51;82.97;178.1;4.95;9.96;20.78;0.54;44.58;0;0
09-04-2021 00:00;10-04-2021 00:00;sect_51;90.89;226.55;3.76;8.76;15.13;0.7;35.87;0;0
10-04-2021 00:00;11-04-2021 00:00;sect_51;89.76;240.54;2.24;7.42;5.25;0.87;33.25;0;0
11-04-2021 00:00;12-04-2021 00:00;sect_51;98.75;252.69;2.97;8.96;5.99;0.74;34.6;0;0
12-04-2021 00:00;13-04-2021 00:00;sect_51;131.77;307.39;4.14;9.6;13.72;1.72;36.48;0;0
13-04-2021 00:00;14-04-2021 00:00;sect_51;105.39;253.85;3.89;9.46;11.93;0.92;34.88;0;0
14-04-2021 00:00;15-04-2021 00:00;sect_51;81.77;257.42;3.01;8.99;5.99;0.52;39.37;0;0
15-04-2021 00:00;16-04-2021 00:00;sect_51;76.89;293.6;3;8.98;5.92;0.52;36.27;0;0
16-04-2021 00:00;17-04-2021 00:00;sect_51;115.05;351.31;3.01;9.01;6.03;0.77;33.51;0.07;7
17-04-2021 00:00;18-04-2021 00:00;sect_51;40.49;110.86;2.99;9.01;5.73;0.39;29.26;0;0
18-04-2021 00:00;19-04-2021 00:00;sect_51;74.01;225.7;3.02;8.97;5.95;0.68;40.11;0;0
19-04-2021 00:00;20-04-2021 00:00;sect_51;114.16;271.29;2.98;8.98;6.02;0.8;42.99;0;0
20-04-2021 00:00;21-04-2021 00:00;sect_51;87.34;233.81;3;8.95;6;0.73;51.65;0;0
21-04-2021 00:00;22-04-2021 00:00;sect_51;53.44;113.31;3.67;10.31;6.62;0.36;42.16;0;0
22-04-2021 00:00;23-04-2021 00:00;sect_51;65.36;153.54;5.99;14.99;9.02;0.44;53.43;0;0
23-04-2021 00:00;24-04-2021 00:00;sect_51;66.44;205.49;6.02;14.98;9.04;0.5;58.4;0;0
24-04-2021 00:00;25-04-2021 00:00;sect_51;68.28;139.78;6.01;15.03;9;0.47;51.29;0;0
25-04-2021 00:00;26-04-2021 00:00;sect_51;122.35;251.7;5.97;15.01;9.05;0.77;44.33;0;0
26-04-2021 00:00;27-04-2021 00:00;sect_51;153.84;333.32;6.01;15.06;9.02;1.32;42.97;0;0
27-04-2021 00:00;28-04-2021 00:00;sect_51;159.82;426.59;4.46;12.46;7.51;1.55;34.39;0;0
28-04-2021 00:00;29-04-2021 00:00;sect_51;149.11;381.34;3.03;10.01;6.01;1.23;30.59;0;0
29-04-2021 00:00;30-04-2021 00:00;sect_51;145.58;410.06;3;10;6.02;0.85;34.47;0;0
30-04-2021 00:00;01-05-2021 00:00;sect_51;127.9;426.06;3;10.01;6;0.74;37.96;0;0
01-05-2021 00:00;02-05-2021 00:00;sect_51;82.02;234.8;3.03;10.03;5.98;0.49;38.17;0.01;0.5
02-05-2021 00:00;03-05-2021 00:00;sect_51;70.45;207.48;2.98;9.99;5.98;0.57;25.8;0;0
03-05-2021 00:00;04-05-2021 00:00;sect_51;95.05;362.11;4.26;13.16;4.71;0.5;20.14;0;0
04-05-2021 00:00;05-05-2021 00:00;sect_51;76.39;183.69;4.99;15;3.87;0.6;19.46;0;0
05-05-2021 00:00;06-05-2021 00:00;sect_51;82.72;230.59;7.44;17.44;6.2;0.51;35.95;0;0
06-05-2021 00:00;07-05-2021 00:00;sect_51;73.28;168.16;9.45;19.44;7.96;0.5;50.58;0.02;2
07-05-2021 00:00;08-05-2021 00:00;sect_51;58.69;107.4;9.49;19.46;7.39;0.51;42.38;0;0
08-05-2021 00:00;09-05-2021 00:00;sect_51;80.24;158.52;7.95;16.79;6.13;0.51;48.78;0;0
09-05-2021 00:00;10-05-2021 00:00;sect_51;73.79;164.25;7.03;15;4.98;0.54;57.9;0.03;2.5
10-05-2021 00:00;11-05-2021 00:00;sect_51;75.52;161.99;7;14.98;4.98;0.5;58.81;0;0
11-05-2021 00:00;12-05-2021 00:00;sect_51;87.48;167.59;6.99;15.02;5;0.47;31.92;0;0
12-05-2021 00:00;13-05-2021 00:00;sect_51;46.76;151.11;6.47;14.24;4.46;0.33;38.45;0;0
13-05-2021 00:00;14-05-2021 00:00;sect_51;50.85;110.45;5.01;12.01;2.99;0.41;24.04;0;0
14-05-2021 00:00;15-05-2021 00:00;sect_51;62.15;121.87;4.99;11.97;2.99;0.44;29.81;0;0
15-05-2021 00:00;16-05-2021 00:00;sect_51;49.12;209.8;5;12;2.98;0.35;37.88;0;0
16-05-2021 00:00;17-05-2021 00:00;sect_51;72.35;172.3;5.01;12.03;3;0.56;54.33;0;0
17-05-2021 00:00;18-05-2021 00:00;sect_51;98.76;221.7;6.96;10.71;4.29;0.73;38.7;0;0
18-05-2021 00:00;19-05-2021 00:00;sect_51;37.01;87.65;8;9.98;5;0.35;30.91;0.01;1
19-05-2021 00:00;20-05-2021 00:00;sect_51;49.03;89.4;7.99;10.02;5.01;0.43;29.92;2.37;225.5
20-05-2021 00:00;21-05-2021 00:00;sect_51;38.41;80.31;5.67;8.26;3.75;0.35;41.98;0.25;23.5
21-05-2021 00:00;22-05-2021 00:00;sect_51;50;83.18;4.01;6.98;2.99;0.38;48.14;0.27;25.5
22-05-2021 00:00;23-05-2021 00:00;sect_51;39.93;99.54;3.99;7;3.01;0.37;74.11;0.68;64.5
23-05-2021 00:00;24-05-2021 00:00;sect_51;135.48;349.67;4.6;7.3;3.31;0.4;73.61;0;0
24-05-2021 00:00;25-05-2021 00:00;sect_51;55.97;159.47;5.99;8.02;4;0.29;82.72;0;0
25-05-2021 00:00;26-05-2021 00:00;sect_51;72.04;175.51;5.99;7.99;3.95;0.4;89.11;0;0
26-05-2021 00:00;27-05-2021 00:00;sect_51;72.94;195.21;5.99;8.02;3.99;0.64;95.96;0;0
27-05-2021 00:00;28-05-2021 00:00;sect_51;54.84;199.52;9.75;11.68;5.87;0.51;61.85;0.03;2.5
28-05-2021 00:00;29-05-2021 00:00;sect_51;51.6;134.46;11.99;14.02;6.99;0.33;42.5;0;0
29-05-2021 00:00;30-05-2021 00:00;sect_51;31.8;152.05;12;14.03;6.99;0.27;43.68;0;0
30-05-2021 00:00;31-05-2021 00:00;sect_51;25.14;105.76;11.99;13.99;6.68;0.28;46.13;0.06;5
31-05-2021 00:00;01-06-2021 00:00;sect_51;53.69;165.42;12.87;15.76;7.44;0.35;41.27;0;0
01-06-2021 00:00;02-06-2021 00:00;sect_51;51.24;175.74;13.89;17.34;6.91;0.28;43.83;0.05;4.5
02-06-2021 00:00;03-06-2021 00:00;sect_51;75.22;153.74;17.98;11.56;13.19;0.4;36.42;0;0
03-06-2021 00:00;04-06-2021 00:00;sect_51;62.45;152.84;21.83;11.81;13.95;0.45;43.33;0;0
04-06-2021 00:00;05-06-2021 00:00;sect_51;74.09;188.77;11.35;14.02;6.8;0.45;41.41;0.03;3
05-06-2021 00:00;06-06-2021 00:00;sect_51;60.65;150.65;13.13;8.36;10.66;0.43;42.37;0.04;4
06-06-2021 00:00;07-06-2021 00:00;sect_51;48.9;167.16;10.65;5.04;7.83;0.45;29.05;0;0
07-06-2021 00:00;08-06-2021 00:00;sect_51;67.38;215.92;13.74;12.19;9.12;0.45;33.24;0;0
08-06-2021 00:00;09-06-2021 00:00;sect_51;58.6;294.81;15.14;8.5;11.48;0.45;23.04;0;0
09-06-2021 00:00;10-06-2021 00:00;sect_51;57.62;276.8;10.59;8.21;8.92;0.33;28.6;0;0
10-06-2021 00:00;11-06-2021 00:00;sect_51;79.58;291.03;1.95;6.86;4.18;0.5;52.04;0.04;3.5
11-06-2021 00:00;12-06-2021 00:00;sect_51;53.03;231.78;3.64;7.09;4.22;0.4;70.03;0;0
12-06-2021 00:00;13-06-2021 00:00;sect_51;55.71;144.28;7.34;6.43;5.37;0.48;52.05;0;0
13-06-2021 00:00;14-06-2021 00:00;sect_51;45.72;102.14;33.46;7.84;25.52;0.36;56.87;0.01;0.5
14-06-2021 00:00;15-06-2021 00:00;sect_51;56.87;110.44;6.71;11.08;8.07;0.4;65.52;0;0
15-06-2021 00:00;16-06-2021 00:00;sect_51;43;96.81;2.68;10.76;7.17;0.34;52.55;0.04;3.5
16-06-2021 00:00;17-06-2021 00:00;sect_51;44.11;78.49;2.93;11.81;7.86;0.39;59;0;0
17-06-2021 00:00;18-06-2021 00:00;sect_51;47.24;83.89;4.62;12.57;6.63;0.46;39.87;0;0
18-06-2021 00:00;19-06-2021 00:00;sect_51;47.69;73.94;6.58;9.01;5.97;0.38;33.85;0;0
19-06-2021 00:00;20-06-2021 00:00;sect_51;32.58;72.65;9.26;10.19;8.7;0.35;29.51;0;0
20-06-2021 00:00;21-06-2021 00:00;sect_51;31.53;62.4;11.81;9.13;11.22;0.37;27.75;0;0
21-06-2021 00:00;22-06-2021 00:00;sect_51;41.86;94.35;11.3;10.86;11.71;0.44;39.16;0.01;0.5
22-06-2021 00:00;23-06-2021 00:00;sect_51;74.02;178.5;10.38;9.65;9.16;0.46;38.72;0;0
23-06-2021 00:00;24-06-2021 00:00;sect_51;88.4;325.37;11.69;14.28;13.82;0.51;46.75;0;0
24-06-2021 00:00;25-06-2021 00:00;sect_51;73.81;195.72;10.73;12.64;7.65;0.47;22.5;0;0
25-06-2021 00:00;26-06-2021 00:00;sect_51;63.85;198.07;9.28;12.27;4.31;0.33;30.3;0;0
26-06-2021 00:00;27-06-2021 00:00;sect_51;55.29;177.57;14.98;2.25;3.56;0.38;39.46;0;0
27-06-2021 00:00;28-06-2021 00:00;sect_51;97.36;239.32;15.6;4.16;5.06;0.54;48.89;0;0
28-06-2021 00:00;29-06-2021 00:00;sect_51;93.32;175.3;10.42;1.86;3.56;0.5;54.02;0;0
29-06-2021 00:00;30-06-2021 00:00;sect_51;107.04;277.03;9.33;3.56;6.94;0.51;47.65;0;0
30-06-2021 00:00;01-07-2021 00:00;sect_51;75.02;278.48;12.5;4.29;11.46;0.47;29.66;0;0
01-07-2021 00:00;02-07-2021 00:00;sect_51;59.19;165.29;9.42;2.37;7.86;0.25;36.55;0;0
02-07-2021 00:00;03-07-2021 00:00;sect_51;51.56;155.75;7.75;1.93;5.27;0.28;36.33;0.12;11
03-07-2021 00:00;04-07-2021 00:00;sect_51;44.08;116.4;6.51;2.6;5.18;0.28;48.93;0.02;1.5
04-07-2021 00:00;05-07-2021 00:00;sect_51;55.39;124.19;7.15;2.74;5.76;0.38;58.3;0.01;0.5
05-07-2021 00:00;06-07-2021 00:00;sect_51;50.74;131.61;6.4;2.12;4.72;0.31;52.57;0;0
06-07-2021 00:00;07-07-2021 00:00;sect_51;58.63;140.76;7.1;2.1;5.38;0.27;39.23;0;0
07-07-2021 00:00;08-07-2021 00:00;sect_51;49.71;124.88;6.79;2.17;5.04;0.29;31.25;0;0
08-07-2021 00:00;09-07-2021 00:00;sect_51;48.04;138.64;6.76;1.09;4.48;0.31;29.15;0;0
09-07-2021 00:00;10-07-2021 00:00;sect_51;62.9;137.6;5.1;2.31;2.96;0.4;48.7;0;0
10-07-2021 00:00;11-07-2021 00:00;sect_51;58.61;138.69;7.09;3.88;6.31;0.38;38.03;0;0
11-07-2021 00:00;12-07-2021 00:00;sect_51;67.51;186.4;6.82;3.03;5.65;0.39;38.08;0;0
12-07-2021 00:00;13-07-2021 00:00;sect_51;56.44;117;6.91;2.89;5.65;0.34;30.53;0;0
13-07-2021 00:00;14-07-2021 00:00;sect_51;44.64;69.51;9.14;4.42;8.23;0.43;21.66;0.51;48
14-07-2021 00:00;15-07-2021 00:00;sect_51;49.34;78.98;11.97;5.5;10.98;0.44;15.74;0.03;2.5
15-07-2021 00:00;16-07-2021 00:00;sect_51;66.67;104.73;12.34;7.11;12.78;0.48;41.89;0.01;0.5
16-07-2021 00:00;17-07-2021 00:00;sect_51;57.71;90.1;5.02;8.37;8.03;0.36;46.91;0;0
17-07-2021 00:00;18-07-2021 00:00;sect_51;77.66;109.16;3.08;6.78;3.07;0.38;53.34;0;0
18-07-2021 00:00;19-07-2021 00:00;sect_51;52.01;74.74;3.91;4.23;5.89;0.38;28.11;0.01;0.5
19-07-2021 00:00;20-07-2021 00:00;sect_51;29.54;35.16;3.42;4.28;4.83;0.37;15.07;3.33;313
20-07-2021 00:00;21-07-2021 00:00;sect_51;46.78;107.74;3.72;5.08;6.12;0.47;22.59;0;0
21-07-2021 00:00;22-07-2021 00:00;sect_51;45.36;84.4;3.71;3.98;5.18;0.42;26.01;0;0
22-07-2021 00:00;23-07-2021 00:00;sect_51;41.57;79.87;4.37;2.94;4.34;0.46;24.04;0;0
23-07-2021 00:00;24-07-2021 00:00;sect_51;59.15;76.54;4.29;2.61;4.41;0.48;20.78;0;0
24-07-2021 00:00;25-07-2021 00:00;sect_51;77.71;112.7;6.01;2.32;6.03;0.58;14.12;0.03;2.5
25-07-2021 00:00;26-07-2021 00:00;sect_51;69.29;105.34;6.55;2.06;6.33;0.66;15.26;0;0
26-07-2021 00:00;27-07-2021 00:00;sect_51;82.02;102.21;5.41;2.29;5.54;0.53;21.97;0;0
27-07-2021 00:00;28-07-2021 00:00;sect_51;53.79;91.29;7.14;4.21;7.21;0.45;15.18;1.54;146.5
28-07-2021 00:00;29-07-2021 00:00;sect_51;35.79;48.62;7.71;7.43;9.52;0.39;13.79;0.9;84.5
29-07-2021 00:00;30-07-2021 00:00;sect_51;36.11;76.73;12.1;9.85;14.9;0.39;15.73;0;0
30-07-2021 00:00;31-07-2021 00:00;sect_51;52.6;60.09;7.62;11.33;13.05;0.52;32.76;0.23;21.5
31-07-2021 00:00;01-08-2021 00:00;sect_51;43.99;109.46;10.29;9.1;13.64;0.47;40.18;0.02;1.5
01-08-2021 00:00;02-08-2021 00:00;sect_51;66.83;125.39;23.17;12.06;18.22;0.53;38.95;0.76;72
02-08-2021 00:00;03-08-2021 00:00;sect_51;78.61;96.51;8.48;14.45;14.14;0.74;35.18;0.01;0.5
03-08-2021 00:00;04-08-2021 00:00;sect_51;38.72;76.84;10.03;9.37;11.96;0.44;33.46;0;0
04-08-2021 00:00;05-08-2021 00:00;sect_51;30.4;70.87;7.05;8.71;10.59;0.36;21.65;0;0
05-08-2021 00:00;06-08-2021 00:00;sect_51;62.25;119.85;9.02;10.14;13.53;0.55;17.61;0;0
06-08-2021 00:00;07-08-2021 00:00;sect_51;65.61;111.51;6.11;12.33;11.84;0.63;23.07;0.56;53
07-08-2021 00:00;08-08-2021 00:00;sect_51;65.88;179.38;8.02;13.81;13.77;0.62;7.37;0.07;6.5
08-08-2021 00:00;09-08-2021 00:00;sect_51;31.52;102.35;10.16;10.45;11.52;0.52;10.19;0.11;10
09-08-2021 00:00;10-08-2021 00:00;sect_51;50.49;102.03;5.59;11.18;5.97;0.29;20.02;0;0
10-08-2021 00:00;11-08-2021 00:00;sect_51;42.63;102.36;7.99;8.48;11.09;0.35;11.92;0.01;0.5
11-08-2021 00:00;12-08-2021 00:00;sect_51;44.46;78.44;9.64;7.93;10.96;0.76;13.05;0;0
12-08-2021 00:00;13-08-2021 00:00;sect_51;30.67;76.33;9.02;8.21;11.92;1.31;14.32;0;0
13-08-2021 00:00;14-08-2021 00:00;sect_51;36.93;90.04;9.38;8.15;12.18;1.33;13.6;0.04;4
14-08-2021 00:00;15-08-2021 00:00;sect_51;35.83;82.47;9.72;7.37;12.04;1.33;16.09;0;0
15-08-2021 00:00;16-08-2021 00:00;sect_51;37.58;88.31;7.99;7.57;10.76;1.34;16.77;0;0
16-08-2021 00:00;17-08-2021 00:00;sect_51;40.63;103.28;8.85;7.66;10.58;0.86;16.01;0;0
17-08-2021 00:00;18-08-2021 00:00;sect_51;65.31;129.19;14.02;8.85;15.5;0.44;19.09;0;0
18-08-2021 00:00;19-08-2021 00:00;sect_51;80.61;148.27;10.69;9.99;13.74;0.46;20.21;0;0
19-08-2021 00:00;20-08-2021 00:00;sect_51;118.15;188.14;10.81;12.07;14.46;0.65;26.98;0;0
20-08-2021 00:00;21-08-2021 00:00;sect_51;79.36;114.13;8.47;7.42;11.24;0.52;25.38;0.04;3.5
21-08-2021 00:00;22-08-2021 00:00;sect_51;33.34;56.32;11.78;4.69;13.64;0.44;36.9;1.47;140
22-08-2021 00:00;23-08-2021 00:00;sect_51;43.77;63.19;9.77;4.52;12.29;0.41;42.47;0.01;1
23-08-2021 00:00;24-08-2021 00:00;sect_51;39.84;69.64;10.14;5.53;13.22;0.4;43.24;0;0
24-08-2021 00:00;25-08-2021 00:00;sect_51;59.18;115.1;9.78;6.33;14.11;0.5;26.67;0;0
25-08-2021 00:00;26-08-2021 00:00;sect_51;36;134.6;6.33;5.08;7.85;0.39;28.89;0;0
26-08-2021 00:00;27-08-2021 00:00;sect_51;35.2;141.53;7.66;4.8;10.44;0.25;29.03;0;0
27-08-2021 00:00;28-08-2021 00:00;sect_51;51.7;188.4;6.89;4.07;8.73;0.33;34.81;0;0
28-08-2021 00:00;29-08-2021 00:00;sect_51;65.12;196.61;4.81;4.22;7.03;0.45;50.66;0;0
29-08-2021 00:00;30-08-2021 00:00;sect_51;80.65;154.75;5.17;3.57;6.74;0.53;34.76;0;0
30-08-2021 00:00;31-08-2021 00:00;sect_51;46.33;69.11;5.31;3.23;6.54;0.44;38.25;0;0
31-08-2021 00:00;01-09-2021 00:00;sect_51;39.6;56.13;5.86;4.29;8.15;0.32;18.01;0.35;33
01-09-2021 00:00;02-09-2021 00:00;sect_51;31.54;47.38;12.23;4.06;14.29;0.5;10.08;1.59;151.5
02-09-2021 00:00;03-09-2021 00:00;sect_51;50.2;75.6;10.6;4.75;13.35;0.6;24.83;0.1;9.5
03-09-2021 00:00;04-09-2021 00:00;sect_51;40.98;77.1;7.2;6.39;9.71;0.43;17.1;0.08;7.5
04-09-2021 00:00;05-09-2021 00:00;sect_51;37.11;74.37;8.62;7.24;8.33;0.41;15.93;0;0
05-09-2021 00:00;06-09-2021 00:00;sect_51;48.32;101.32;5.67;6.86;6.22;0.45;28.88;0;0
06-09-2021 00:00;07-09-2021 00:00;sect_51;58.32;118;6.56;8.4;2.91;0.48;26.67;0;0
07-09-2021 00:00;08-09-2021 00:00;sect_51;70.86;102.52;5.13;5.08;1.4;0.44;24.74;0;0
08-09-2021 00:00;09-09-2021 00:00;sect_51;39.18;68.86;2.58;1.36;1.51;0.39;24.41;0;0
09-09-2021 00:00;10-09-2021 00:00;sect_51;45.15;85.35;2.44;1.36;1.13;0.4;27.38;0;0
10-09-2021 00:00;11-09-2021 00:00;sect_51;60.5;91.72;2.37;1.49;1.07;0.42;27.49;0.04;4
11-09-2021 00:00;12-09-2021 00:00;sect_51;31.13;45.93;3.86;1.26;3.13;1.13;20.93;0.54;51.5
12-09-2021 00:00;13-09-2021 00:00;sect_51;42.88;72.02;4.77;1.3;4.29;0.48;15.92;0.07;7
13-09-2021 00:00;14-09-2021 00:00;sect_51;71.56;106.63;6.43;2.14;5.81;0.74;12.48;0.04;3.5
14-09-2021 00:00;15-09-2021 00:00;sect_51;41.63;82.26;4.89;4;4.91;0.46;18.44;0;0
15-09-2021 00:00;16-09-2021 00:00;sect_51;30.41;87.54;3.04;3.56;2.78;0.33;17.98;0;0
16-09-2021 00:00;17-09-2021 00:00;sect_51;28.42;79.87;4.12;1.18;2.51;0.5;8.92;0.49;46.5
17-09-2021 00:00;18-09-2021 00:00;sect_51;27.54;63.11;4.12;4.42;5.35;0.43;22.36;0;0
18-09-2021 00:00;19-09-2021 00:00;sect_51;44.55;74.97;6.83;8.36;7.56;0.42;25.48;0;0
19-09-2021 00:00;20-09-2021 00:00;sect_51;52.19;85.84;6.16;6.37;5.47;0.43;26.85;0;0
20-09-2021 00:00;21-09-2021 00:00;sect_51;44.07;84.17;6.14;6.14;5.25;0.43;25.87;0;0
21-09-2021 00:00;22-09-2021 00:00;sect_51;50.4;94.36;6.79;6.15;6.71;0.43;26.78;0;0
22-09-2021 00:00;23-09-2021 00:00;sect_51;39.33;71.59;5.54;6.42;5.68;0.44;28.59;0.67;63.5
23-09-2021 00:00;24-09-2021 00:00;sect_51;42.08;74.75;4.9;6.38;5.36;0.42;25.71;0.01;0.5
24-09-2021 00:00;25-09-2021 00:00;sect_51;36.03;71.06;8.54;7.87;8.89;0.51;18.83;0.07;6.5
25-09-2021 00:00;26-09-2021 00:00;sect_51;61.68;108.31;7.89;8.4;9.05;0.59;38.14;0;0
26-09-2021 00:00;27-09-2021 00:00;sect_51;57.26;91.62;4.87;6.82;5.62;0.46;33.55;0;0
27-09-2021 00:00;28-09-2021 00:00;sect_51;78.59;131.63;5.09;11.55;7.38;0.52;42.28;0;0
28-09-2021 00:00;29-09-2021 00:00;sect_51;66.35;119.93;10.86;11.49;11.92;0.88;27.53;0;0
29-09-2021 00:00;30-09-2021 00:00;sect_51;40.42;91.69;6.6;5.59;5.69;1.39;30.85;0;0
30-09-2021 00:00;01-10-2021 00:00;sect_51;60.58;101.73;6.16;6.42;5.68;1.44;29.1;0;0
01-10-2021 00:00;02-10-2021 00:00;sect_51;75.64;127.67;7.48;10.52;8.98;1.53;29.07;0;0
02-10-2021 00:00;03-10-2021 00:00;sect_51;67.93;129.82;8.42;6.66;7.85;1.6;34;0;0
03-10-2021 00:00;04-10-2021 00:00;sect_51;45.31;115.6;7.51;5.89;6.62;1.42;25.12;0;0
04-10-2021 00:00;05-10-2021 00:00;sect_51;49.2;129.52;10.32;4.19;9.68;1;19.5;0;0
05-10-2021 00:00;06-10-2021 00:00;sect_51;51.39;139.32;3.53;5.03;4.98;0.48;24.63;0;0
06-10-2021 00:00;07-10-2021 00:00;sect_51;58.68;123.5;5;6.04;4.01;0.51;18.94;0;0
07-10-2021 00:00;08-10-2021 00:00;sect_51;95.94;168.87;3.97;4.97;5.56;0.57;27.34;0;0
08-10-2021 00:00;09-10-2021 00:00;sect_51;100.34;262.45;3.51;5.54;4.98;0.77;22.15;0;0
09-10-2021 00:00;10-10-2021 00:00;sect_51;106.24;361.48;3.53;6.07;5.32;0.98;18.9;0;0
10-10-2021 00:00;11-10-2021 00:00;sect_51;103.14;311.49;3.8;5.79;9.19;1.12;17.56;0;0
11-10-2021 00:00;12-10-2021 00:00;sect_51;106.45;324.98;6.22;7.63;14.68;0.95;21.77;0;0
12-10-2021 00:00;13-10-2021 00:00;sect_51;102.05;281.22;6.43;5.64;13.89;0.89;35.44;0;0
13-10-2021 00:00;14-10-2021 00:00;sect_51;86.75;257.4;6;4.02;11.97;0.57;55.19;0;0
14-10-2021 00:00;15-10-2021 00:00;sect_51;92.92;257.3;4.31;5.72;15.46;0.66;50.67;0;0
15-10-2021 00:00;16-10-2021 00:00;sect_51;129.2;379.87;3.68;6.32;15.37;1.09;53.98;0;0
16-10-2021 00:00;17-10-2021 00:00;sect_51;182.98;386.02;4.12;5.89;8.44;1.68;48.12;0;0
17-10-2021 00:00;18-10-2021 00:00;sect_51;135.61;192.05;6.45;4.92;11.85;1.18;16.44;0.43;40.5
18-10-2021 00:00;19-10-2021 00:00;sect_51;24.78;40.86;5.67;5.85;13.61;0.44;9.08;0.77;73.5
19-10-2021 00:00;20-10-2021 00:00;sect_51;72.72;113.08;6.19;4.18;13.3;0.58;34.33;0;0
20-10-2021 00:00;21-10-2021 00:00;sect_51;112.97;266.71;7.02;5;15;1.09;48.58;0;0
21-10-2021 00:00;22-10-2021 00:00;sect_51;81.39;325.95;7.79;5.04;13.8;1.43;25.67;0;0
22-10-2021 00:00;23-10-2021 00:00;sect_51;79.73;255.5;8.92;5.02;12;1;27.41;0;0
23-10-2021 00:00;24-10-2021 00:00;sect_51;52.01;177.77;6.33;3.43;11.08;0.69;45;0;0
24-10-2021 00:00;25-10-2021 00:00;sect_51;32.09;123.5;3.99;2.02;10.05;0.51;52.28;0.17;16
25-10-2021 00:00;26-10-2021 00:00;sect_51;30.36;70.05;3.91;2.02;10.08;0.5;40.52;0;0
26-10-2021 00:00;27-10-2021 00:00;sect_51;81.34;225.44;5.51;3.53;12.48;0.96;38.54;0;0
27-10-2021 00:00;28-10-2021 00:00;sect_51;86.2;222.35;6.89;4.99;14.93;1.11;38.99;0;0
28-10-2021 00:00;29-10-2021 00:00;sect_51;123.9;291.32;5.63;5.99;12.67;1.43;32.39;0;0
29-10-2021 00:00;30-10-2021 00:00;sect_51;134.63;282.79;3.01;8.07;9.97;1.83;29.71;0.04;4
30-10-2021 00:00;31-10-2021 00:00;sect_51;124.44;242.78;3;7.98;10.01;1.54;20.78;0;0
31-10-2021 00:00;01-11-2021 00:00;sect_51;131.49;298.09;2.98;8.03;10.09;1.44;25.06;0;0
01-11-2021 00:00;02-11-2021 00:00;sect_51;108.96;235.85;4.33;6.29;8.74;1.27;47.04;0;0
02-11-2021 00:00;03-11-2021 00:00;sect_51;174.18;320;5.93;4.06;6.97;1.03;69.76;0;0
03-11-2021 00:00;04-11-2021 00:00;sect_51;200.31;347.26;7.99;7.94;7.77;1.16;55.91;0;0
04-11-2021 00:00;05-11-2021 00:00;sect_51;424.03;549.37;13.04;21.02;11.85;2.57;39.77;0;0
05-11-2021 00:00;06-11-2021 00:00;sect_51;542.86;635.18;9;27.05;19.01;2.46;34.69;0;0
06-11-2021 00:00;07-11-2021 00:00;sect_51;418.42;546.45;6.33;20.13;13.16;2.2;41.89;0;0
07-11-2021 00:00;08-11-2021 00:00;sect_51;210.97;325.17;4.01;13.98;7.97;2.13;44.55;0;0
08-11-2021 00:00;09-11-2021 00:00;sect_51;198.79;339.04;3;11.94;5.91;2.22;40.74;0;0
09-11-2021 00:00;10-11-2021 00:00;sect_51;188.09;332.33;1.99;10.03;4;1.8;42.89;0;0
10-11-2021 00:00;11-11-2021 00:00;sect_51;223.14;371.65;1.99;10;3.99;2.98;37.57;0;0
11-11-2021 00:00;12-11-2021 00:00;sect_51;259.83;473.86;1.99;10;3.99;3.97;12.22;0;0
12-11-2021 00:00;13-11-2021 00:00;sect_51;377.31;563.22;2.01;10.04;3.97;3.99;13.43;0;0
13-11-2021 00:00;14-11-2021 00:00;sect_51;242.34;437.44;2;9.98;4;2.99;35.83;0;0
14-11-2021 00:00;15-11-2021 00:00;sect_51;170.28;366.47;2.75;11.49;5.43;2.72;41.18;0;0
15-11-2021 00:00;16-11-2021 00:00;sect_51;206.21;371.91;5.2;15.1;6.72;2.76;30.08;0;0
16-11-2021 00:00;17-11-2021 00:00;sect_51;198.89;355.4;7.86;17.74;3.95;2.08;21.61;0;0
17-11-2021 00:00;18-11-2021 00:00;sect_51;231.53;406.55;7.98;18.1;3.89;2.63;32.4;0;0
18-11-2021 00:00;19-11-2021 00:00;sect_51;166.18;284.21;7.95;16.47;4.41;2.47;32.07;0;0
19-11-2021 00:00;20-11-2021 00:00;sect_51;194.96;316.93;8.02;13.99;5.01;1.95;33.1;0;0
20-11-2021 00:00;21-11-2021 00:00;sect_51;201.55;346.86;8.03;13.95;4.92;2.32;36.6;0;0
21-11-2021 00:00;22-11-2021 00:00;sect_51;170.8;262.37;7.99;14.06;5.02;2.25;38.95;0;0
22-11-2021 00:00;23-11-2021 00:00;sect_51;146.53;269.28;7.96;14.02;5.01;0.86;43.35;0;0
23-11-2021 00:00;24-11-2021 00:00;sect_51;231.87;334.24;7.97;14.04;5.05;1.68;42.41;0;0
24-11-2021 00:00;25-11-2021 00:00;sect_51;180.82;540.37;7.96;14;5.01;1.95;22.84;0;0
25-11-2021 00:00;26-11-2021 00:00;sect_51;218.18;426.01;7.98;13.99;4.99;1.83;59.1;0;0
26-11-2021 00:00;27-11-2021 00:00;sect_51;269.92;418.36;8.02;14.01;5.03;3.46;40.35;0;0
27-11-2021 00:00;28-11-2021 00:00;sect_51;175.49;271.38;8.03;13.92;5.02;2.14;38.76;0;0
28-11-2021 00:00;29-11-2021 00:00;sect_51;246.75;357.49;8;13.99;4.99;1.94;35.28;0;0
29-11-2021 00:00;30-11-2021 00:00;sect_51;237;362.85;10.32;17.4;5.84;2.5;32.43;0;0
30-11-2021 00:00;01-12-2021 00:00;sect_51;209.7;342.7;16.06;26;7.95;1.97;35.44;0;0
01-12-2021 00:00;02-12-2021 00:00;sect_51;205.42;350.61;16.04;25.97;8.02;3.17;10;0;0
02-12-2021 00:00;03-12-2021 00:00;sect_51;201.95;278.68;14.6;24.66;6.25;1.56;10.32;0.08;8
03-12-2021 00:00;04-12-2021 00:00;sect_51;171.77;270.99;12.06;21.82;3.01;1.46;19.23;0;0
04-12-2021 00:00;05-12-2021 00:00;sect_51;266.73;436.58;13.35;23.41;3.91;2.7;19.59;0;0
05-12-2021 00:00;06-12-2021 00:00;sect_51;135.53;234.96;16.01;25.98;6.01;2.08;18.39;0.02;1.5
06-12-2021 00:00;07-12-2021 00:00;sect_51;123.61;166.93;15.93;26.06;5.99;1.75;20.53;0;0
07-12-2021 00:00;08-12-2021 00:00;sect_51;89.28;121.11;16.11;25.98;6.02;1.04;29.62;0;0
08-12-2021 00:00;09-12-2021 00:00;sect_51;118.59;198.85;15.83;25.8;6.01;1.1;36.79;0;0
09-12-2021 00:00;10-12-2021 00:00;sect_51;123.01;208.11;16.11;25.92;6.01;1.68;27.58;0;0
10-12-2021 00:00;11-12-2021 00:00;sect_51;151.46;228.47;15.97;25.89;6.01;1.18;32.04;0;0
11-12-2021 00:00;12-12-2021 00:00;sect_51;128.47;218.78;16.11;25.92;5.99;1.59;30.9;0;0
12-12-2021 00:00;13-12-2021 00:00;sect_51;148.89;213.12;16.02;25.93;6;2.28;26.89;0;0
13-12-2021 00:00;14-12-2021 00:00;sect_51;189.93;350.13;16.02;26.05;6;2.16;21.14;0;0
14-12-2021 00:00;15-12-2021 00:00;sect_51;226.81;355.57;15.99;25.96;6.03;2.51;22.62;0;0
15-12-2021 00:00;16-12-2021 00:00;sect_51;172.3;286.91;15.85;26.12;5.96;2.73;24.88;0;0
16-12-2021 00:00;17-12-2021 00:00;sect_51;141.72;224.64;16.01;26.14;5.97;1.9;24.58;0;0
17-12-2021 00:00;18-12-2021 00:00;sect_51;134.55;198.72;14.22;24.14;4.27;0.93;42.01;0;0
18-12-2021 00:00;19-12-2021 00:00;sect_51;129.81;187.76;12.95;23;2.96;0.68;35.07;0;0
19-12-2021 00:00;20-12-2021 00:00;sect_51;129.46;243.63;13.16;23.07;3;1.62;38.51;0;0
20-12-2021 00:00;21-12-2021 00:00;sect_51;188.08;286.15;12.9;22.81;2.99;1.65;34.65;0;0
21-12-2021 00:00;22-12-2021 00:00;sect_51;236.59;357.96;12.92;22.96;2.99;2.92;22.94;0;0
22-12-2021 00:00;23-12-2021 00:00;sect_51;283.04;429.45;13.01;22.93;2.99;2.7;24.52;0;0
23-12-2021 00:00;24-12-2021 00:00;sect_51;184.79;293.27;13.66;24.31;3.75;1.66;23.94;0;0
24-12-2021 00:00;25-12-2021 00:00;sect_51;179.6;270.69;16.05;28.05;5.85;1.29;18.99;0;0
25-12-2021 00:00;26-12-2021 00:00;sect_51;213.18;323.77;14.27;25.2;4.3;1.92;24.58;0;0
26-12-2021 00:00;27-12-2021 00:00;sect_51;208.78;277.97;12.93;22.83;3.02;1.72;22.02;0.12;11
27-12-2021 00:00;28-12-2021 00:00;sect_51;146.82;222.83;12.94;23.15;3.01;1.19;19.76;0;0
28-12-2021 00:00;29-12-2021 00:00;sect_51;149.62;214.08;12.96;22.86;3.02;1.5;1.33;0.03;2.5
29-12-2021 00:00;30-12-2021 00:00;sect_51;148.11;219.61;12.88;23.14;3;1.14;14.07;0;0
30-12-2021 00:00;31-12-2021 00:00;sect_51;197.78;328.6;13.16;22.72;1.25;1.57;15.64;0;0
31-12-2021 00:00;01-01-2022 00:00;sect_51;223.16;366.41;0;0;0;2.29;16.31;0;0
01-01-2022 00:00;02-01-2022 00:00;sect_51;287.66;425.23;0;0;0;2.18;20.44;0;0
02-01-2022 00:00;03-01-2022 00:00;sect_51;297.88;379.54;0;0;0;2.23;18.97;0;0
03-01-2022 00:00;04-01-2022 00:00;sect_51;199.22;305.67;12.91;22.9;1.42;1.54;23.41;0;0
04-01-2022 00:00;05-01-2022 00:00;sect_51;213.52;341.52;12.96;23.16;3;2.15;17.06;0;0
05-01-2022 00:00;06-01-2022 00:00;sect_51;162.83;215.48;12.93;22.85;3.03;1.62;7.89;0.12;11.5
06-01-2022 00:00;07-01-2022 00:00;sect_51;89.11;107.26;12.99;22.96;3.04;0.71;22.53;0;0
07-01-2022 00:00;08-01-2022 00:00;sect_51;79.23;139.97;13.06;22.98;2.99;0.67;19.68;0;0
08-01-2022 00:00;09-01-2022 00:00;sect_51;30.58;48.71;12.98;22.99;2.99;0.77;4.78;1.33;125
09-01-2022 00:00;10-01-2022 00:00;sect_51;59.42;82.84;12.97;22.94;3.03;0.57;6.05;0.05;5
10-01-2022 00:00;11-01-2022 00:00;sect_51;102.28;156.15;13.06;23.09;3.02;0.76;16.92;0;0
11-01-2022 00:00;12-01-2022 00:00;sect_51;111.91;180.09;12.89;22.97;3;0.93;19.93;0.01;0.5
12-01-2022 00:00;13-01-2022 00:00;sect_51;139.38;246.44;12.94;23.16;3.01;0.94;21.68;0;0
13-01-2022 00:00;14-01-2022 00:00;sect_51;286.01;516.88;12.95;23.02;3.03;2.01;16.96;0;0
14-01-2022 00:00;15-01-2022 00:00;sect_51;248.83;448.93;12.96;22.66;2.96;2.53;7.86;0;0
15-01-2022 00:00;16-01-2022 00:00;sect_51;76.06;199.6;13.05;22.98;3.02;0.88;15.42;0;0
16-01-2022 00:00;17-01-2022 00:00;sect_51;77.84;263.01;13.01;23.06;3.01;0.73;20.4;0;0
17-01-2022 00:00;18-01-2022 00:00;sect_51;123.61;250.28;13.07;23.01;2.99;1.03;18.04;0;0
18-01-2022 00:00;19-01-2022 00:00;sect_51;184.63;263.75;13.02;23.02;3;1.06;14.63;0;0
19-01-2022 00:00;20-01-2022 00:00;sect_51;194.7;314.97;12.99;23.04;2.99;1.31;30.08;0;0
20-01-2022 00:00;21-01-2022 00:00;sect_51;190.3;280.22;13.07;23.03;2.98;1.53;23.92;0;0
21-01-2022 00:00;22-01-2022 00:00;sect_51;177.01;267.5;15.78;23.65;5.49;1.39;24.63;0;0
22-01-2022 00:00;23-01-2022 00:00;sect_51;152.34;180.99;19.05;23.82;9.02;0.96;38.37;0.45;42.5
23-01-2022 00:00;24-01-2022 00:00;sect_51;105.45;137.4;18.87;23.85;9.01;0.79;23.35;0.11;10.5
24-01-2022 00:00;25-01-2022 00:00;sect_51;102.75;167.24;19.03;24.31;8.92;0.98;18.33;0;0
25-01-2022 00:00;26-01-2022 00:00;sect_51;162.94;265.43;18.81;24.14;9.01;1.26;10.18;0;0
26-01-2022 00:00;27-01-2022 00:00;sect_51;136.72;213.76;18.92;23.82;9.04;0.85;16.95;0;0
27-01-2022 00:00;28-01-2022 00:00;sect_51;108.22;169.37;19.13;24.05;8.98;0.77;30.76;0;0
28-01-2022 00:00;29-01-2022 00:00;sect_51;105.36;190.29;18.9;23.98;8.99;0.71;41.48;0;0
29-01-2022 00:00;30-01-2022 00:00;sect_51;152.03;298.83;18.99;23.93;9.06;1.31;25.19;0;0
30-01-2022 00:00;31-01-2022 00:00;sect_51;154.16;234.33;18.9;23.89;9.06;1.14;35.75;0;0
31-01-2022 00:00;01-02-2022 00:00;sect_51;223.21;326.32;18.95;23.92;8.69;1.1;16.24;0;0
01-02-2022 00:00;02-02-2022 00:00;sect_51;186.12;272.13;18.93;24.01;3.99;1.19;17.05;0;0
02-02-2022 00:00;03-02-2022 00:00;sect_51;186.08;278.94;0;0;0;1.22;36.76;0;0
03-02-2022 00:00;04-02-2022 00:00;sect_51;219.18;300.62;0;0;0;2;19.36;0.02;1.5
04-02-2022 00:00;05-02-2022 00:00;sect_51;92.84;142.02;0;0;0;1.63;18.05;0;0
05-02-2022 00:00;06-02-2022 00:00;sect_51;156.05;301.5;0;0;0;2.39;16.9;0;0
06-02-2022 00:00;07-02-2022 00:00;sect_51;179.21;316.93;0;0;0;2.6;23.54;0;0
07-02-2022 00:00;08-02-2022 00:00;sect_51;155;267.62;18.81;24.21;5.04;1.91;32.22;0;0
08-02-2022 00:00;09-02-2022 00:00;sect_51;144.59;273.04;17.66;25.18;8.92;2.05;25.04;0;0
09-02-2022 00:00;10-02-2022 00:00;sect_51;109.79;184.14;14.5;21.21;11.23;1.74;17.67;0.13;12
10-02-2022 00:00;11-02-2022 00:00;sect_51;86.18;173.45;16.9;27.18;6.99;1.67;20.3;0;0
11-02-2022 00:00;12-02-2022 00:00;sect_51;87.33;191.2;17.02;26.76;7.02;1.59;35.08;0;0
12-02-2022 00:00;13-02-2022 00:00;sect_51;94.82;223.46;17.07;27.21;7.02;1.83;34.1;0;0
13-02-2022 00:00;14-02-2022 00:00;sect_51;146.46;341.83;17.05;26.87;6.99;2.32;24.25;0;0
14-02-2022 00:00;15-02-2022 00:00;sect_51;113.65;222.07;18.12;29.79;8.18;1.79;33.32;0;0
15-02-2022 00:00;16-02-2022 00:00;sect_51;122.57;288.72;18.89;31.9;8.93;1.44;31.36;0;0
16-02-2022 00:00;17-02-2022 00:00;sect_51;145.91;358.02;18.9;31.82;9.08;1.42;30.63;0;0
17-02-2022 00:00;18-02-2022 00:00;sect_51;166.47;344.82;20.38;34.02;10.5;1.34;27.72;0;0
18-02-2022 00:00;19-02-2022 00:00;sect_51;128.41;286.22;23.02;38.28;13.03;1.52;27.3;0;0
19-02-2022 00:00;20-02-2022 00:00;sect_51;83.06;172.36;22.97;38.48;13.07;0.68;30.22;0;0
20-02-2022 00:00;21-02-2022 00:00;sect_51;96.3;175.75;23.07;37.99;13.03;0.59;38.36;0;0
21-02-2022 00:00;22-02-2022 00:00;sect_51;93.81;264.33;23.46;38.07;8.95;0.74;31.86;0;0
22-02-2022 00:00;23-02-2022 00:00;sect_51;95.31;288.53;23.02;38.14;8.08;0.65;43.81;0;0
23-02-2022 00:00;24-02-2022 00:00;sect_51;155.93;247.97;23.27;38.49;13.06;0.75;34.97;0;0
24-02-2022 00:00;25-02-2022 00:00;sect_51;166.49;314.81;26.94;42.69;16.69;1.31;24.42;0;0
25-02-2022 00:00;26-02-2022 00:00;sect_51;125.99;250.18;32.19;48.92;22;1.13;36.43;0.03;3
26-02-2022 00:00;27-02-2022 00:00;sect_51;28.83;72.23;32.08;49.33;21.99;0.38;45.17;0;0
27-02-2022 00:00;28-02-2022 00:00;sect_51;40.04;83.19;32.02;49.27;22.03;0.45;34.39;0.14;13
28-02-2022 00:00;01-03-2022 00:00;sect_51;51.73;116.69;19.52;32.76;12.91;0.48;33.84;0;0
01-03-2022 00:00;02-03-2022 00:00;sect_51;103.18;202.17;9.02;19.1;5.02;0.73;19.46;0;0
02-03-2022 00:00;03-03-2022 00:00;sect_51;132.42;291.81;9;19.02;5;1.32;26.96;0;0
03-03-2022 00:00;04-03-2022 00:00;sect_51;93.43;189.77;9.97;23;6.58;0.98;31.6;0;0
04-03-2022 00:00;05-03-2022 00:00;sect_51;91.28;148.55;10.66;25.61;7.33;0.75;23.22;0;0
05-03-2022 00:00;06-03-2022 00:00;sect_51;54.53;101.73;10.7;25.43;6.9;0.49;32.05;0;0
06-03-2022 00:00;07-03-2022 00:00;sect_51;88.37;199.61;10.84;25.79;5.35;0.72;29.34;0;0
07-03-2022 00:00;08-03-2022 00:00;sect_51;108.92;253.67;10.74;25.64;7.46;1.05;27.79;0;0
08-03-2022 00:00;09-03-2022 00:00;sect_51;137.46;299.96;10.7;25.82;6.89;1.4;20.18;0;0
09-03-2022 00:00;10-03-2022 00:00;sect_51;72.39;169.98;13.29;31.11;5.84;0.91;20.53;0;0
10-03-2022 00:00;11-03-2022 00:00;sect_51;63.94;155.43;14.77;34.82;4.79;0.65;24.98;0;0
11-03-2022 00:00;12-03-2022 00:00;sect_51;93.26;168.22;14.63;34.76;4.81;0.64;25.87;0;0
12-03-2022 00:00;13-03-2022 00:00;sect_51;98.23;171.22;14.73;34.72;4.77;0.64;25.94;0;0
13-03-2022 00:00;14-03-2022 00:00;sect_51;116.4;237.83;14.78;34.83;4.77;0.94;22.13;0;0
14-03-2022 00:00;15-03-2022 00:00;sect_51;128.51;389.22;14.83;34.76;4.5;1.38;20.8;0;0
15-03-2022 00:00;16-03-2022 00:00;sect_51;101.17;277.3;12.95;28.4;6.87;1.38;20.39;0;0
16-03-2022 00:00;17-03-2022 00:00;sect_51;83.85;237.45;10.81;20.45;8.94;0.66;27.86;0;0
17-03-2022 00:00;18-03-2022 00:00;sect_51;90.14;200.35;14.09;24.04;8.04;0.79;42.62;0;0
18-03-2022 00:00;19-03-2022 00:00;sect_51;122.54;218.07;16.66;26.74;6.77;0.97;40.36;0;0
19-03-2022 00:00;20-03-2022 00:00;sect_51;100.48;210.6;16.78;26.96;6.79;0.88;40.61;0;0
20-03-2022 00:00;21-03-2022 00:00;sect_51;119.81;245.36;16.89;26.99;6.77;0.91;34.41;0;0
21-03-2022 00:00;22-03-2022 00:00;sect_51;85.21;238.93;15.87;22.79;5.91;1.02;31.06;0;0
22-03-2022 00:00;23-03-2022 00:00;sect_51;72.28;168.91;15.64;20.6;5.36;0.6;36.92;0;0
23-03-2022 00:00;24-03-2022 00:00;sect_51;93.5;259.55;15.04;19.6;5.02;0.8;19.37;0;0
24-03-2022 00:00;25-03-2022 00:00;sect_51;111.06;248.87;15.12;20.54;5.43;0.9;16.59;0;0
25-03-2022 00:00;26-03-2022 00:00;sect_51;85.96;245.67;15.22;20.07;5.37;0.74;24.17;0;0
26-03-2022 00:00;27-03-2022 00:00;sect_51;95.45;288.62;15.08;20.33;5.42;0.67;33.36;0;0
27-03-2022 00:00;28-03-2022 00:00;sect_51;122.35;295.82;15.38;20.31;5.25;0.9;30.52;0;0
28-03-2022 00:00;29-03-2022 00:00;sect_51;136.13;402.15;15.16;20.67;5.54;1.42;24.83;0;0
29-03-2022 00:00;30-03-2022 00:00;sect_51;153.58;417.14;15.62;20.41;5.45;1.51;21.59;0;0
30-03-2022 00:00;31-03-2022 00:00;sect_51;153.2;382;15.04;20.65;5.35;1.64;30.76;0;0
31-03-2022 00:00;01-04-2022 00:00;sect_51;170.3;340.11;15.41;20.36;5.1;1.11;33.85;0;0
01-04-2022 00:00;02-04-2022 00:00;sect_51;96.44;240.43;15.34;20.51;5.18;0.8;35.23;0;0
02-04-2022 00:00;03-04-2022 00:00;sect_51;145.27;327.86;14.12;23.03;5.7;1.47;26.63;0;0
03-04-2022 00:00;04-04-2022 00:00;sect_51;170.68;360.07;12.09;26.93;6.07;1.11;26.13;0;0
04-04-2022 00:00;05-04-2022 00:00;sect_51;124.45;330.15;12.16;27.44;6.23;1.44;13.07;0;0
05-04-2022 00:00;06-04-2022 00:00;sect_51;101.14;250.21;12.22;27.36;5.29;1.37;11.88;0;0
06-04-2022 00:00;07-04-2022 00:00;sect_51;135.07;300.64;12.02;27.09;6.06;1.69;16.42;0;0
07-04-2022 00:00;08-04-2022 00:00;sect_51;159.48;368.55;12.2;27.21;6.08;1.77;14.61;0;0
08-04-2022 00:00;09-04-2022 00:00;sect_51;216.77;329.98;12.14;27.3;6.05;1.93;22.73;0;0
09-04-2022 00:00;10-04-2022 00:00;sect_51;158.1;310.43;12.2;27.6;5.93;1.93;52.73;0;0
10-04-2022 00:00;11-04-2022 00:00;sect_51;72.83;171.86;11.95;27.49;6.21;0.98;45.16;0.29;27.5
11-04-2022 00:00;12-04-2022 00:00;sect_51;114.95;268.41;12.58;29.36;8.07;1.67;35.12;0;0
12-04-2022 00:00;13-04-2022 00:00;sect_51;76.88;274.85;11.72;27.81;17.74;0.95;38.58;0;0
13-04-2022 00:00;14-04-2022 00:00;sect_51;99.59;353.51;21.6;37.52;33.47;0.84;41.25;0;0
14-04-2022 00:00;15-04-2022 00:00;sect_51;82.52;312.74;3.26;25.36;15.44;0.44;60.16;0;0
15-04-2022 00:00;16-04-2022 00:00;sect_51;93.9;297.89;5.73;33.9;21.61;0.57;37.34;0;0
16-04-2022 00:00;17-04-2022 00:00;sect_51;109.52;359.92;9.68;39.86;28.44;0.84;18.08;0;0
17-04-2022 00:00;18-04-2022 00:00;sect_51;123.86;380.64;10.71;43.59;30.67;0.96;20.11;0;0
18-04-2022 00:00;19-04-2022 00:00;sect_51;162.74;352.78;27.73;42.38;37.36;1.31;20.6;0;0
19-04-2022 00:00;20-04-2022 00:00;sect_51;154.3;462.93;64.86;43.62;72.66;1.72;10.03;0;0
20-04-2022 00:00;21-04-2022 00:00;sect_51;120.34;289.85;12.64;46.94;31.8;0.76;10.63;0;0
21-04-2022 00:00;22-04-2022 00:00;sect_51;96.95;360.92;31.4;46.36;46.15;0.73;6.69;0;0
22-04-2022 00:00;23-04-2022 00:00;sect_51;75.93;203.7;8.34;40.08;25.69;0.53;15.64;0.01;0.5
23-04-2022 00:00;24-04-2022 00:00;sect_51;130.85;341.94;67.44;59.61;84.16;1.54;11.95;0;0
24-04-2022 00:00;25-04-2022 00:00;sect_51;174.26;304.52;18.89;40.98;36.36;0.87;13.53;0;0
25-04-2022 00:00;26-04-2022 00:00;sect_51;117.39;357.88;2.94;31.09;18.03;0.61;14.64;0;0
26-04-2022 00:00;27-04-2022 00:00;sect_51;105.9;286.6;24.22;50.26;44.53;0.93;18.26;0;0
27-04-2022 00:00;28-04-2022 00:00;sect_51;156.53;485.06;76.98;72.2;97.89;1.55;20.4;0;0
28-04-2022 00:00;29-04-2022 00:00;sect_51;158.9;422.01;58.78;68.25;80.56;1.59;17.97;0;0
29-04-2022 00:00;30-04-2022 00:00;sect_51;95.47;302.43;8.72;39.54;20.48;0.81;15.51;0;0
30-04-2022 00:00;01-05-2022 00:00;sect_51;117.99;269.48;35;47.64;53.28;0.7;18.12;0;0
01-05-2022 00:00;02-05-2022 00:00;sect_51;110.74;377.89;5.91;25.74;18.12;0.64;27.47;0;0
02-05-2022 00:00;03-05-2022 00:00;sect_51;79.02;316.76;3.23;23.5;14.68;0.63;30.25;0;0
03-05-2022 00:00;04-05-2022 00:00;sect_51;125.95;480.16;2.75;23.63;13.48;0.73;39.35;0;0
04-05-2022 00:00;05-05-2022 00:00;sect_51;99.7;289.06;2.5;25.93;15.43;0.7;43.36;0.08;8
05-05-2022 00:00;06-05-2022 00:00;sect_51;68.85;175.53;5.98;53.68;31.95;0.83;40.85;0.01;0.5
06-05-2022 00:00;07-05-2022 00:00;sect_51;134.42;327.32;2.24;34.18;19.81;0.89;30.55;0.01;1
07-05-2022 00:00;08-05-2022 00:00;sect_51;85.68;220.61;3.62;47.52;27.31;0.85;32.11;0;0
08-05-2022 00:00;09-05-2022 00:00;sect_51;93.28;227.72;1.79;19.85;11.84;0.68;36.85;0;0
09-05-2022 00:00;10-05-2022 00:00;sect_51;82.95;172.85;1.22;21.8;9.73;0.64;35.22;0;0
10-05-2022 00:00;11-05-2022 00:00;sect_51;73.35;175.29;1.75;20.35;11.82;0.56;31.7;0;0
11-05-2022 00:00;12-05-2022 00:00;sect_51;70.46;158.54;2.14;25.91;15.07;0.57;30.54;0;0
12-05-2022 00:00;13-05-2022 00:00;sect_51;74.87;168.58;2.29;22.72;13.63;0.65;53.95;0;0
13-05-2022 00:00;14-05-2022 00:00;sect_51;83.71;275.27;3.76;29.31;17.82;0.91;62.85;0;0
14-05-2022 00:00;15-05-2022 00:00;sect_51;135.94;380.94;48.16;30.27;53.48;1.71;65.66;0;0
15-05-2022 00:00;16-05-2022 00:00;sect_51;93.09;296.53;31.65;32.52;42.72;1.09;26.35;0;0
16-05-2022 00:00;17-05-2022 00:00;sect_51;81.63;365.28;7.89;27.03;19.8;0.55;28.5;0;0
17-05-2022 00:00;18-05-2022 00:00;sect_51;84.86;283.07;2.26;24.58;14.37;0.49;37.14;0;0
18-05-2022 00:00;19-05-2022 00:00;sect_51;92.81;254.07;2.44;25.18;14.85;0.57;51.68;0;0
19-05-2022 00:00;20-05-2022 00:00;sect_51;88.05;255.25;2.93;28.41;16.83;0.71;43.67;0;0
20-05-2022 00:00;21-05-2022 00:00;sect_51;86.16;298.95;3.27;24.12;14.96;0.57;37.17;0.06;5.5
21-05-2022 00:00;22-05-2022 00:00;sect_51;66.1;279.67;3.04;25.18;15.5;0.37;30.62;0.04;4
22-05-2022 00:00;23-05-2022 00:00;sect_51;51.85;155.05;3.44;26.84;16.52;0.42;39.85;0.01;0.5
23-05-2022 00:00;24-05-2022 00:00;sect_51;39.47;105.48;2.16;14.23;7.94;0.37;39.16;1.08;95
24-05-2022 00:00;25-05-2022 00:00;sect_51;40.35;102.41;2.52;18.45;11.16;0.42;22.73;0.1;9.5
25-05-2022 00:00;26-05-2022 00:00;sect_51;93.03;204.28;5.79;32.71;21.35;0.72;29.1;0;0
26-05-2022 00:00;27-05-2022 00:00;sect_51;102.76;256.31;6.48;37.47;24.59;0.8;45.22;0;0
27-05-2022 00:00;28-05-2022 00:00;sect_51;115.23;214.17;2.98;29.82;16.89;0.61;24.74;0;0
28-05-2022 00:00;29-05-2022 00:00;sect_51;62.95;236.34;1.75;19.31;11.43;0.53;23.95;0;0
29-05-2022 00:00;30-05-2022 00:00;sect_51;49.94;221;1.66;12.9;8.11;0.3;28.86;0;0
30-05-2022 00:00;31-05-2022 00:00;sect_51;57.02;155.48;2.16;20.68;12.55;0.51;30.99;0.12;11
31-05-2022 00:00;01-06-2022 00:00;sect_51;73.58;265.84;4.3;25.63;16.06;0.68;30.31;0;0
01-06-2022 00:00;02-06-2022 00:00;sect_51;94.68;262.29;10.73;27.98;23.2;0.94;35.88;0;0
02-06-2022 00:00;03-06-2022 00:00;sect_51;84.83;341.72;13.1;35.73;28.31;0.64;27.29;0;0
03-06-2022 00:00;04-06-2022 00:00;sect_51;104.16;374.26;27.86;40.36;40.64;0.97;26.62;0;0
04-06-2022 00:00;05-06-2022 00:00;sect_51;108.88;342.82;24.82;48.01;43.33;1.13;32.5;0;0
05-06-2022 00:00;06-06-2022 00:00;sect_51;77.47;305.1;13.79;30.48;24.74;0.57;25.32;0;0
06-06-2022 00:00;07-06-2022 00:00;sect_51;72.9;306.57;11.82;32.74;21.28;0.6;35.78;0;0
07-06-2022 00:00;08-06-2022 00:00;sect_51;115.28;526.65;9.63;24.44;18.02;0.53;23.61;0;0
08-06-2022 00:00;09-06-2022 00:00;sect_51;95.58;388.1;9.63;23.74;16.75;0.39;21.76;0;0
09-06-2022 00:00;10-06-2022 00:00;sect_51;70.96;344.82;11.93;18.03;15.72;0.48;18.79;0;0
10-06-2022 00:00;11-06-2022 00:00;sect_51;83.99;388.94;11.27;18.33;15.38;0.44;16.51;0;0
11-06-2022 00:00;12-06-2022 00:00;sect_51;77.02;314.07;8.35;15.95;11.83;0.42;20.71;0;0
12-06-2022 00:00;13-06-2022 00:00;sect_51;79;309.8;13.35;15.36;15.4;0.52;19.45;0;0
13-06-2022 00:00;14-06-2022 00:00;sect_51;59.58;229.56;9.2;16.11;12.7;0.48;20.38;0;0
14-06-2022 00:00;15-06-2022 00:00;sect_51;61.29;224.83;6.56;15.07;9.87;0.34;17.1;0;0
15-06-2022 00:00;16-06-2022 00:00;sect_51;41.23;137.69;7.31;19.67;7.14;0.29;20.77;0;0
16-06-2022 00:00;17-06-2022 00:00;sect_51;42.58;164.33;5.81;21.54;14.42;0.33;24.53;0;0
17-06-2022 00:00;18-06-2022 00:00;sect_51;47.32;102.36;5.85;21.57;14.41;0.33;9.92;0.16;15.5
18-06-2022 00:00;19-06-2022 00:00;sect_51;65.1;108.19;5.82;21.56;14.45;0.47;9.17;0.09;8.5
19-06-2022 00:00;20-06-2022 00:00;sect_51;52.59;92.86;6.17;18.82;12.03;0.39;13.86;0.12;11
20-06-2022 00:00;21-06-2022 00:00;sect_51;61.04;148.83;6.42;16.49;9.99;0.43;25.7;0;0
21-06-2022 00:00;22-06-2022 00:00;sect_51;85.87;172.11;6.4;16.55;9.98;0.48;19.04;0.23;21.5
22-06-2022 00:00;23-06-2022 00:00;sect_51;71.7;168.24;6.43;16.33;10;0.43;25.04;0;0
23-06-2022 00:00;24-06-2022 00:00;sect_51;77.82;216.18;6.42;16.5;10.02;0.4;37.82;0;0
24-06-2022 00:00;25-06-2022 00:00;sect_51;104.79;292.95;6.45;16.56;9.9;0.53;41.55;0;0
25-06-2022 00:00;26-06-2022 00:00;sect_51;106.25;304.79;6.43;16.54;10.04;0.78;57.58;0;0
26-06-2022 00:00;27-06-2022 00:00;sect_51;90.72;187.39;6.43;16.41;9.9;0.5;34.35;0;0
27-06-2022 00:00;28-06-2022 00:00;sect_51;82.29;151.55;9.54;15.4;12.44;0.47;33.02;0;0
28-06-2022 00:00;29-06-2022 00:00;sect_51;107.55;183.65;7.43;13.41;9.04;0.54;37.9;0;0
29-06-2022 00:00;30-06-2022 00:00;sect_51;86.3;222.43;5.77;9.08;5.63;0.52;35.48;0;0
30-06-2022 00:00;01-07-2022 00:00;sect_51;58.69;103.12;5.52;11.5;8.63;0.48;28.02;0.8;76
01-07-2022 00:00;02-07-2022 00:00;sect_51;81.54;148.14;5.81;13.89;11.18;0.55;25.12;0.14;13
02-07-2022 00:00;03-07-2022 00:00;sect_51;72.71;121.84;9.16;16.21;13.39;0.58;26.28;0;0
03-07-2022 00:00;04-07-2022 00:00;sect_51;45.16;64;6.83;17.36;12.87;0.44;15.18;0.09;9
04-07-2022 00:00;05-07-2022 00:00;sect_51;58.78;98.35;7.8;19.04;14.58;0.65;17.31;0;0
05-07-2022 00:00;06-07-2022 00:00;sect_51;99.33;147.7;7.69;15.97;13;0.69;20.42;0;0
06-07-2022 00:00;07-07-2022 00:00;sect_51;79.84;116.54;5.33;13.49;10.43;0.48;43.61;0;0
07-07-2022 00:00;08-07-2022 00:00;sect_51;61.82;111.48;3.79;12.87;9.27;0.48;46.66;0;0
08-07-2022 00:00;09-07-2022 00:00;sect_51;49.15;99.69;4.23;11.84;8.64;0.42;46.19;0;0
09-07-2022 00:00;10-07-2022 00:00;sect_51;66.33;134.26;7.13;11.9;10.33;0.49;49.57;0;0
10-07-2022 00:00;11-07-2022 00:00;sect_51;41.57;71.48;7.85;11.26;10.6;0.43;47;0.04;4
11-07-2022 00:00;12-07-2022 00:00;sect_51;50.91;83.28;7.79;13.56;11.77;0.51;47.27;0.02;2
12-07-2022 00:00;13-07-2022 00:00;sect_51;64.65;123.73;16.22;15.64;16.24;0.69;37.77;0.01;0.5
13-07-2022 00:00;14-07-2022 00:00;sect_51;48.68;99.28;11.02;20.74;16.39;0.64;32.17;0.01;0.5
14-07-2022 00:00;15-07-2022 00:00;sect_51;40.19;95.8;8.26;18.31;15.55;0.47;20.26;0.01;0.5
15-07-2022 00:00;16-07-2022 00:00;sect_51;32.35;82.87;9.48;21.09;18.43;0.44;17.4;0.08;7.5
16-07-2022 00:00;17-07-2022 00:00;sect_51;35.01;63.02;8.64;20.72;17.82;0.46;22.08;0.47;45
17-07-2022 00:00;18-07-2022 00:00;sect_51;46.2;84.32;7.53;19.24;16.07;0.46;18.4;0.1;9.5
18-07-2022 00:00;19-07-2022 00:00;sect_51;54.1;112.62;8.86;19.07;15.04;0.53;25.95;0;0
19-07-2022 00:00;20-07-2022 00:00;sect_51;58.8;106.11;9.06;19.87;16.23;0.63;17.91;0;0
20-07-2022 00:00;21-07-2022 00:00;sect_51;55.55;103.3;8.09;17.21;13.09;0.48;21.09;0.21;20
21-07-2022 00:00;22-07-2022 00:00;sect_51;41.48;65.73;7.09;14.87;11.01;0.43;28.91;0.24;22.5
22-07-2022 00:00;23-07-2022 00:00;sect_51;120.29;157.59;8.11;14.75;10.66;0.65;41.9;0.02;2
23-07-2022 00:00;24-07-2022 00:00;sect_51;73.62;107.08;7.74;8.66;7.47;0.39;44.08;0.07;6.5
24-07-2022 00:00;25-07-2022 00:00;sect_51;26.42;73.48;6.36;8.03;6.07;0.41;13.5;0.16;15.5
25-07-2022 00:00;26-07-2022 00:00;sect_51;35.71;57.82;5.6;7.98;7.14;0.35;24.68;0.47;44.5
26-07-2022 00:00;27-07-2022 00:00;sect_51;33.73;53.14;8.46;7.45;9.1;0.42;31.03;0;0
27-07-2022 00:00;28-07-2022 00:00;sect_51;23.87;42.9;10.31;8.2;10.2;0.52;30.7;0.38;36.5
28-07-2022 00:00;29-07-2022 00:00;sect_51;31.22;70.91;8.91;16.1;13.08;0.41;19.39;1.01;95
29-07-2022 00:00;30-07-2022 00:00;sect_51;26.45;38.16;14.19;10.26;14.3;0.45;16.66;0.58;55
30-07-2022 00:00;31-07-2022 00:00;sect_51;37.6;78.67;9.87;9.04;8.99;0.4;33.66;0.07;6.5
31-07-2022 00:00;01-08-2022 00:00;sect_51;32.95;52.95;11.44;6.98;10.41;0.47;34.11;0;0
01-08-2022 00:00;02-08-2022 00:00;sect_51;26.52;43.39;9.93;8.17;9.85;0.39;30.29;0;0
02-08-2022 00:00;03-08-2022 00:00;sect_51;40.69;57.89;9.71;7.72;8.06;0.38;36.81;0;0
03-08-2022 00:00;04-08-2022 00:00;sect_51;51.02;86.85;9;11.38;9.97;0.53;37.55;0.02;2
04-08-2022 00:00;05-08-2022 00:00;sect_51;51.22;90.3;6.01;11.81;9.29;0.56;21.6;0.05;5
05-08-2022 00:00;06-08-2022 00:00;sect_51;57.47;138.45;7.25;8.5;8.57;0.46;21.79;0.47;45
06-08-2022 00:00;07-08-2022 00:00;sect_51;98.03;188.36;6.77;10.14;8.46;0.59;19.8;0.01;0.5
07-08-2022 00:00;08-08-2022 00:00;sect_51;47.58;60.63;7.42;6.64;7.15;0.54;18.5;1.22;115.5
08-08-2022 00:00;09-08-2022 00:00;sect_51;43.83;66.53;3.86;6.51;4.68;0.52;17.06;0;0
09-08-2022 00:00;10-08-2022 00:00;sect_51;54.05;82.58;9.24;8.3;10.15;0.59;16.14;0;0
10-08-2022 00:00;11-08-2022 00:00;sect_51;31.66;71.99;8.56;8.4;9.54;0.43;18.15;0;0
11-08-2022 00:00;12-08-2022 00:00;sect_51;15.9;75.6;9.58;7.1;9.77;0.39;15.61;0;0
12-08-2022 00:00;13-08-2022 00:00;sect_51;22.1;81.95;8.8;7.64;9.45;0.4;14.78;0;0
13-08-2022 00:00;14-08-2022 00:00;sect_51;32.67;77.79;5.62;7.99;7.07;0.38;15.2;0;0
14-08-2022 00:00;15-08-2022 00:00;sect_51;29.82;78.99;7.5;7.68;8.4;0.42;15.11;0.03;3
15-08-2022 00:00;16-08-2022 00:00;sect_51;24.57;61.92;9.15;7.34;8.93;0.39;15.5;0.04;3.5
16-08-2022 00:00;17-08-2022 00:00;sect_51;19.45;42.79;9.51;7.56;8.45;0.31;15.68;0.03;2.5
17-08-2022 00:00;18-08-2022 00:00;sect_51;14.53;40.64;7.39;7.39;8.15;0.28;15.46;0;0
18-08-2022 00:00;19-08-2022 00:00;sect_51;20.71;49.67;8.55;7.91;9.38;0.35;14.83;0;0
19-08-2022 00:00;20-08-2022 00:00;sect_51;22.01;49.5;5.99;9.09;7.95;0.27;17.96;0;0
20-08-2022 00:00;21-08-2022 00:00;sect_51;35.32;60.73;8.74;6.36;9.2;0.41;21.55;0;0
21-08-2022 00:00;22-08-2022 00:00;sect_51;64.22;90.24;13.29;3.98;12.19;0.83;21.87;0;0
22-08-2022 00:00;23-08-2022 00:00;sect_51;68.47;107.59;8.94;2.25;7.93;0.5;21.34;0;0
23-08-2022 00:00;24-08-2022 00:00;sect_51;35.04;81.23;7.19;1.32;6.21;0.33;22.07;0;0
24-08-2022 00:00;25-08-2022 00:00;sect_51;27.33;76.32;3.99;10.51;5.94;0.28;23.1;0;0
25-08-2022 00:00;26-08-2022 00:00;sect_51;27.35;97.87;3.95;10.58;7.45;0.36;23.19;0;0
26-08-2022 00:00;27-08-2022 00:00;sect_51;32.08;109.35;3.54;9.82;6.41;0.29;23.87;0;0
27-08-2022 00:00;28-08-2022 00:00;sect_51;31.2;119.39;4.27;9.72;6.55;0.33;23.16;0;0
28-08-2022 00:00;29-08-2022 00:00;sect_51;34.78;160.3;4.22;9.45;5.1;0.28;22.4;0;0
29-08-2022 00:00;30-08-2022 00:00;sect_51;47.53;171.37;6.07;10.19;6.28;0.35;22.14;0.74;69
30-08-2022 00:00;31-08-2022 00:00;sect_51;68.99;161.62;7.28;9.57;8.43;0.52;20.63;0.75;71.5
31-08-2022 00:00;01-09-2022 00:00;sect_51;51.91;168.17;6.75;4.92;11.68;0.55;17.6;0;0
01-09-2022 00:00;02-09-2022 00:00;sect_51;45.38;135.82;3.06;5.05;7.91;0.46;20.36;0;0
02-09-2022 00:00;03-09-2022 00:00;sect_51;45.88;145.55;4.09;5.64;9.71;0.44;23.57;0;0
03-09-2022 00:00;04-09-2022 00:00;sect_51;33.83;120.92;3.27;4.76;7.96;0.4;26.39;0;0
04-09-2022 00:00;05-09-2022 00:00;sect_51;33.81;95.49;3.26;4.48;7.03;0.3;27.56;0;0
05-09-2022 00:00;06-09-2022 00:00;sect_51;32.61;104.18;4.02;5.09;7.9;0.31;23.64;0;0
06-09-2022 00:00;07-09-2022 00:00;sect_51;49.64;173.91;6.68;5.32;9.55;0.47;21.7;0;0
07-09-2022 00:00;08-09-2022 00:00;sect_51;60.1;176.13;8.84;5.39;14.21;0.6;21.79;0;0
08-09-2022 00:00;09-09-2022 00:00;sect_51;85.09;216.07;4.55;6.51;11.04;0.69;16.94;0;0
09-09-2022 00:00;10-09-2022 00:00;sect_51;94.63;175.16;2.55;5.34;7.62;0.58;18.6;0;0
10-09-2022 00:00;11-09-2022 00:00;sect_51;98.78;136.46;2.47;4.26;5.18;0.38;21.12;0;0
11-09-2022 00:00;12-09-2022 00:00;sect_51;79.92;99.9;2.59;3.15;4.47;0.39;22.06;0;0
12-09-2022 00:00;13-09-2022 00:00;sect_51;92.36;115.45;4.04;4.64;7.01;0.42;21.18;0;0
13-09-2022 00:00;14-09-2022 00:00;sect_51;55.56;69.45;11.27;3.89;7.31;0.34;21.31;0.04;3.5
14-09-2022 00:00;15-09-2022 00:00;sect_51;50.39;62.98;11.42;3.95;7.51;0.36;22.14;0.2;19
15-09-2022 00:00;16-09-2022 00:00;sect_51;42.12;52.65;13.51;3.98;9.13;0.41;21.6;0;0
16-09-2022 00:00;17-09-2022 00:00;sect_51;36.98;46.22;13.8;3.76;7.23;0.4;21.7;0.04;4
17-09-2022 00:00;18-09-2022 00:00;sect_51;45.19;92.34;12.35;4.12;6.66;0.36;34.64;0;0
18-09-2022 00:00;19-09-2022 00:00;sect_51;43.17;130.62;12.23;5.65;9.7;0.57;41.41;0;0
19-09-2022 00:00;20-09-2022 00:00;sect_51;90.11;245.37;12.49;6.07;11.24;0.75;41.81;0;0
20-09-2022 00:00;21-09-2022 00:00;sect_51;68.02;148.4;10.5;6.13;10.63;0.78;41.38;0;0
21-09-2022 00:00;22-09-2022 00:00;sect_51;50.4;123.16;16.76;4.72;14.01;0.77;44.16;0.07;3.5
22-09-2022 00:00;23-09-2022 00:00;sect_51;25.71;53.72;17.73;6.68;16.62;1.96;51.21;4.5;274.5
23-09-2022 00:00;24-09-2022 00:00;sect_51;49.24;61.55;13.99;3.21;10.43;0.64;41.48;1.27;119.5
24-09-2022 00:00;25-09-2022 00:00;sect_51;32.57;40.71;11.74;2.69;8.16;0.45;41.89;1.31;111
25-09-2022 00:00;26-09-2022 00:00;sect_51;38.36;47.95;11.11;3.2;8.02;0.45;41.72;0;0
26-09-2022 00:00;27-09-2022 00:00;sect_51;98.15;138.63;21.51;4.56;17.93;1.07;41.67;0;0
27-09-2022 00:00;28-09-2022 00:00;sect_51;96.63;161.04;11.83;7.27;12.71;0.79;20.05;0;0
28-09-2022 00:00;29-09-2022 00:00;sect_51;135.81;199.81;16.1;4.62;13.25;0.67;34.64;0;0
29-09-2022 00:00;30-09-2022 00:00;sect_51;147;222.9;21.7;6.42;18.78;0.78;36.34;0;0
30-09-2022 00:00;01-10-2022 00:00;sect_51;91.34;154.8;16.88;5.52;14.81;0.87;32.75;0;0
01-10-2022 00:00;02-10-2022 00:00;sect_51;107.68;182.5;21.62;4.73;17.16;0.94;30.73;0;0
02-10-2022 00:00;03-10-2022 00:00;sect_51;63.97;108.43;11.23;4.41;9.37;0.75;30.51;0;0
03-10-2022 00:00;04-10-2022 00:00;sect_51;71.78;121.66;8.54;3.96;6.78;0.49;30.84;0;0
04-10-2022 00:00;05-10-2022 00:00;sect_51;98.96;167.73;9.48;5.95;9.51;0.62;30.56;0;0
05-10-2022 00:00;06-10-2022 00:00;sect_51;120.93;211.41;8.72;5.73;8.62;0.8;30.68;0;0
06-10-2022 00:00;07-10-2022 00:00;sect_51;23.55;53.27;9.43;3.25;6.79;0.38;30.64;0;0
07-10-2022 00:00;08-10-2022 00:00;sect_51;16.14;36.52;12.53;4.28;8.96;0.33;31.22;0.03;2.5
08-10-2022 00:00;09-10-2022 00:00;sect_51;11.59;18.39;13.21;4.06;10.39;0.3;30.72;2.05;188.5
09-10-2022 00:00;10-10-2022 00:00;sect_51;10.32;16.37;13.43;3.27;10.5;0.32;32.18;0.06;4.5
10-10-2022 00:00;11-10-2022 00:00;sect_51;20.38;32.35;13.6;3.96;10.79;0.38;30.62;0.07;7
11-10-2022 00:00;12-10-2022 00:00;sect_51;53.88;89.78;13.84;5.38;9.04;0.5;32.61;0;0
12-10-2022 00:00;13-10-2022 00:00;sect_51;78.65;151.25;11.97;9.97;12.87;0.72;26.94;0;0
13-10-2022 00:00;14-10-2022 00:00;sect_51;81.68;157.07;10.3;13.31;14.32;0.67;27.04;0;0
14-10-2022 00:00;15-10-2022 00:00;sect_51;104.24;200.49;9.67;11.44;14.97;0.79;27.38;0;0
15-10-2022 00:00;16-10-2022 00:00;sect_51;147.42;301.26;8.77;2.79;7.56;1.49;27.1;0;0
16-10-2022 00:00;17-10-2022 00:00;sect_51;171.04;364.32;5.9;5.01;4.92;2.04;27.45;0;0
17-10-2022 00:00;18-10-2022 00:00;sect_51;176.6;394.36;10.65;11.19;6.67;1.67;27.17;0;0
18-10-2022 00:00;19-10-2022 00:00;sect_51;201.57;431.44;14.88;15.01;8.91;1.66;27.31;0;0
19-10-2022 00:00;20-10-2022 00:00;sect_51;161.24;358.48;15.03;14.99;9.02;1.26;27.27;0;0
20-10-2022 00:00;21-10-2022 00:00;sect_51;167.32;371.82;17.66;24.09;17.36;1.1;26.89;0;0
21-10-2022 00:00;22-10-2022 00:00;sect_51;214.5;426.38;29.46;34.14;33.29;1.24;26.27;0;0
22-10-2022 00:00;23-10-2022 00:00;sect_51;169.26;360.02;59.28;30.96;60.87;1.65;27.27;0;0
23-10-2022 00:00;24-10-2022 00:00;sect_51;169.92;377.61;47.09;30.35;50.2;1.5;27.49;0;0
24-10-2022 00:00;25-10-2022 00:00;sect_51;174.11;358.96;32.12;30.91;37.39;1.44;31.3;0;0
25-10-2022 00:00;26-10-2022 00:00;sect_51;185.48;298.56;19.04;22.35;21.11;0.89;36.34;0;0
26-10-2022 00:00;27-10-2022 00:00;sect_51;183.7;312.27;35.39;28.38;37.47;1.47;36.42;0;0
27-10-2022 00:00;28-10-2022 00:00;sect_51;208.65;378.91;66.26;34.91;64.45;2.12;36.61;0;0
28-10-2022 00:00;29-10-2022 00:00;sect_51;218.06;403.77;52.8;49.23;62.32;2.27;32.32;0;0
29-10-2022 00:00;30-10-2022 00:00;sect_51;275.82;510.87;56.53;40.94;60.54;2.36;32.54;0;0
30-10-2022 00:00;31-10-2022 00:00;sect_51;252.35;417.63;78.79;32.58;72.69;2.06;27.93;0;0
31-10-2022 00:00;01-11-2022 00:00;sect_51;281.43;502.3;62.96;27.58;60.12;2.32;33.04;0;0
01-11-2022 00:00;02-11-2022 00:00;sect_51;222.39;411.81;40.31;23.39;41.89;2.16;32.41;0;0
02-11-2022 00:00;03-11-2022 00:00;sect_51;198.14;320.15;16.54;24.12;22.96;1.21;32.3;0;0
03-11-2022 00:00;04-11-2022 00:00;sect_51;302.95;561.05;37.81;25.78;40.08;2.42;32.52;0;0
04-11-2022 00:00;05-11-2022 00:00;sect_51;210.35;389.54;43.52;20.1;40.03;2.17;32.42;0;0
05-11-2022 00:00;06-11-2022 00:00;sect_51;170.19;315.17;7.08;20.18;8.85;1.04;36.19;0;0
06-11-2022 00:00;07-11-2022 00:00;sect_51;141.26;261.6;8.55;19.24;9.68;1.03;32.34;0;0
07-11-2022 00:00;08-11-2022 00:00;sect_51;157.87;293.88;17.05;23.31;20.27;1.44;32.81;0;0
08-11-2022 00:00;09-11-2022 00:00;sect_51;156.25;289.35;38.75;21.31;36.83;1.91;32.59;0;0
09-11-2022 00:00;10-11-2022 00:00;sect_51;110.68;205.07;29.7;20.79;28.16;1.03;25.56;0;0
10-11-2022 00:00;11-11-2022 00:00;sect_51;154.63;286.34;52.65;34.56;35.23;1.48;32.69;0;0
11-11-2022 00:00;12-11-2022 00:00;sect_51;274.73;508.69;41.93;31.74;28.29;1.16;32.48;0;0
12-11-2022 00:00;13-11-2022 00:00;sect_51;137.38;254.37;9.11;22.86;18.81;0.85;42.2;0;0
13-11-2022 00:00;14-11-2022 00:00;sect_51;198.74;329.02;20.44;26.23;29.37;1.08;56.95;0;0
14-11-2022 00:00;15-11-2022 00:00;sect_51;131.03;242.66;20.93;33.31;33.92;1.21;24.82;0;0
15-11-2022 00:00;16-11-2022 00:00;sect_51;148.47;274.82;37.45;36.23;45.99;1.4;3.94;0;0
16-11-2022 00:00;17-11-2022 00:00;sect_51;104.6;193.65;41.74;33.93;51.19;1.37;19.36;0;0
17-11-2022 00:00;18-11-2022 00:00;sect_51;125.33;232.14;16.31;26.8;23.24;0.76;53.71;0;0
18-11-2022 00:00;19-11-2022 00:00;sect_51;190.67;321.97;55.59;29.44;54.41;1.47;62.27;0;0
19-11-2022 00:00;20-11-2022 00:00;sect_51;149.3;276.42;139;36.58;116.51;2.33;88.94;0;0
20-11-2022 00:00;21-11-2022 00:00;sect_51;119.82;221.9;68.72;33;68.9;1.84;61.23;0;0
21-11-2022 00:00;22-11-2022 00:00;sect_51;106.9;197.63;18.41;27.18;24.78;1.09;25.29;0;0
22-11-2022 00:00;23-11-2022 00:00;sect_51;116.36;215.51;12.65;23.56;17.42;0.92;25.36;0;0
23-11-2022 00:00;24-11-2022 00:00;sect_51;121.21;224.49;14.19;21.34;18.58;1.03;37.42;0;0
24-11-2022 00:00;25-11-2022 00:00;sect_51;202.53;242.46;43.25;22.34;41.54;1.4;95.33;0;0
25-11-2022 00:00;26-11-2022 00:00;sect_51;169.92;314.68;93.29;31.51;82.99;2.11;27.17;0;0
26-11-2022 00:00;27-11-2022 00:00;sect_51;151.1;279.82;35.48;27.38;38.39;1.47;43.81;0;0
27-11-2022 00:00;28-11-2022 00:00;sect_51;214.3;357.78;82.18;30.51;85.75;2.53;38.85;0;0
28-11-2022 00:00;29-11-2022 00:00;sect_51;125.88;233.12;103.71;32.28;95.05;2.33;23.79;0;0
29-11-2022 00:00;30-11-2022 00:00;sect_51;232.39;430.43;130.09;37.16;128.71;3.05;27.45;0;0
30-11-2022 00:00;01-12-2022 00:00;sect_51;240.93;417.62;156.76;37.36;146.42;3.65;23.76;0;0
01-12-2022 00:00;02-12-2022 00:00;sect_51;151.84;281.17;93.85;35.7;91.4;2.68;24.66;0;0
02-12-2022 00:00;03-12-2022 00:00;sect_51;197.9;317.36;97.24;49.11;90.86;2.42;50.9;0;0
03-12-2022 00:00;04-12-2022 00:00;sect_51;146.19;270.68;88.53;41.84;80.45;2.19;71.09;0;0
04-12-2022 00:00;05-12-2022 00:00;sect_51;141.49;262.02;102.04;36.19;96.83;2.62;28.58;0;0
05-12-2022 00:00;06-12-2022 00:00;sect_51;139;257.4;85.3;34.09;83.15;2.36;28.57;0;0
06-12-2022 00:00;07-12-2022 00:00;sect_51;89.14;165.08;32.21;34.33;41.12;1.34;28.59;0;0
07-12-2022 00:00;08-12-2022 00:00;sect_51;78.24;144.89;8.16;30.78;19.33;0.83;28.37;0;0
08-12-2022 00:00;09-12-2022 00:00;sect_51;105.16;194.73;20.39;37.03;32.08;1.19;28.53;0;0
09-12-2022 00:00;10-12-2022 00:00;sect_51;184.06;319.07;77.49;35.31;76.71;1.96;28.7;0;0
10-12-2022 00:00;11-12-2022 00:00;sect_51;163.34;302.52;116.42;17.47;96.97;3.02;28;0;0
11-12-2022 00:00;12-12-2022 00:00;sect_51;78.87;146.01;12.16;26.44;23.45;1.57;21.8;0;0
12-12-2022 00:00;13-12-2022 00:00;sect_51;95.53;176.85;21.92;33.9;33.81;0.84;30.69;0;0
13-12-2022 00:00;14-12-2022 00:00;sect_51;100.02;185.21;11.95;34.68;27.22;0.72;26.16;0;0
14-12-2022 00:00;15-12-2022 00:00;sect_51;86.57;160.33;6.54;32.59;22.11;0.57;27.48;0;0
15-12-2022 00:00;16-12-2022 00:00;sect_51;101.92;188.73;14.04;36.22;30.29;0.73;34.77;0;0
16-12-2022 00:00;17-12-2022 00:00;sect_51;205.02;238.31;54.78;38.22;58.4;1.39;32.74;0;0
17-12-2022 00:00;18-12-2022 00:00;sect_51;256.64;386.15;146.39;35.88;132.08;2.79;26.23;0;0
18-12-2022 00:00;19-12-2022 00:00;sect_51;250.87;464.64;90.57;39.96;91.28;2.49;26.19;0;0
19-12-2022 00:00;20-12-2022 00:00;sect_51;224.25;413.49;63.41;45.2;73.96;2.22;25.19;0;0
20-12-2022 00:00;21-12-2022 00:00;sect_51;175.65;325.29;41.21;48.69;57.38;1.8;25.12;0;0
21-12-2022 00:00;22-12-2022 00:00;sect_51;165.94;307.31;25.88;52.65;48.57;1.43;23.54;0;0
22-12-2022 00:00;23-12-2022 00:00;sect_51;135.31;250.61;37.99;39.99;51.44;1.42;22.88;0;0
23-12-2022 00:00;24-12-2022 00:00;sect_51;202.14;374.34;28.29;49.81;48.74;1.61;28.83;0;0
24-12-2022 00:00;25-12-2022 00:00;sect_51;160.54;297.28;30.62;38.79;44.9;1.34;29.21;0;0
25-12-2022 00:00;26-12-2022 00:00;sect_51;131.82;244.12;5.98;32.33;21.71;0.97;28.6;0;0
26-12-2022 00:00;27-12-2022 00:00;sect_51;133.94;248;13.75;35.61;29.56;1.19;30.26;0;0
27-12-2022 00:00;28-12-2022 00:00;sect_51;109.61;202.99;7.02;35.74;24.39;1.24;67.26;0;0
28-12-2022 00:00;29-12-2022 00:00;sect_51;108.5;200.92;4.91;31.68;18.5;0.99;23.69;0;0
29-12-2022 00:00;30-12-2022 00:00;sect_51;162.97;301.84;12.85;32.7;27.88;1.16;34.11;0;0
30-12-2022 00:00;31-12-2022 00:00;sect_51;210.24;388.68;3.88;31.27;19.44;1.38;57.65;0;0
31-12-2022 00:00;01-01-2023 00:00;sect_51;126.12;233.56;4.32;27.43;17.71;0.87;33.56;0;0
01-01-2023 00:00;02-01-2023 00:00;sect_51;117.78;218.13;31.37;28.65;38.77;1.02;25.67;0;0
02-01-2023 00:00;03-01-2023 00:00;sect_51;202.64;375.86;45.65;33.94;55.53;1.82;32.56;0;0
03-01-2023 00:00;04-01-2023 00:00;sect_51;214.38;396.98;3.39;35.97;21.38;1.03;25.1;0;0
04-01-2023 00:00;05-01-2023 00:00;sect_51;163.47;302.73;15.71;29.73;27.74;1.05;29.15;0;0
05-01-2023 00:00;06-01-2023 00:00;sect_51;170.99;306.92;51.82;33.59;55.76;1.58;25.5;0;0
06-01-2023 00:00;07-01-2023 00:00;sect_51;225.71;420.44;8.59;13.74;17.33;1.66;27.33;0;0
07-01-2023 00:00;08-01-2023 00:00;sect_51;196.89;364.56;21.38;26.76;32.28;1.76;20.29;0;0
08-01-2023 00:00;09-01-2023 00:00;sect_51;206.61;324.86;41.1;31.82;49.29;1.78;19.3;0;0
09-01-2023 00:00;10-01-2023 00:00;sect_51;321.48;596.33;108.78;47.72;99.26;3.8;22.18;0.01;0.5
10-01-2023 00:00;11-01-2023 00:00;sect_51;106.76;196.39;7.47;14.69;17.02;1.94;30.03;0;0
11-01-2023 00:00;12-01-2023 00:00;sect_51;103.93;192.44;6.11;20.25;15.99;1.07;22.82;0;0
12-01-2023 00:00;13-01-2023 00:00;sect_51;126.73;234.67;4.49;32.45;20.49;1.19;11.11;0;0
13-01-2023 00:00;14-01-2023 00:00;sect_51;130.9;242.39;4.04;33.92;20.95;1.38;5.07;0;0
14-01-2023 00:00;15-01-2023 00:00;sect_51;94.21;174.47;2.18;29.1;16.97;0.73;3.57;0;0
15-01-2023 00:00;16-01-2023 00:00;sect_51;71.26;131.96;3.63;26.66;16.7;0.49;10.88;0;0
16-01-2023 00:00;17-01-2023 00:00;sect_51;124.89;231.28;31.64;35.15;43.48;1.07;7.47;0;0
17-01-2023 00:00;18-01-2023 00:00;sect_51;133.53;247.28;48.54;35.89;57.51;1.28;9.11;0;0
18-01-2023 00:00;19-01-2023 00:00;sect_51;198.02;349.12;108.31;39.56;106.78;2.1;19.91;0;0
19-01-2023 00:00;20-01-2023 00:00;sect_51;189.28;350.52;69.01;49.16;81.42;1.82;28.67;0;0
20-01-2023 00:00;21-01-2023 00:00;sect_51;70.42;130.41;13.49;42.56;33.37;0.8;29.18;0;0
21-01-2023 00:00;22-01-2023 00:00;sect_51;154.27;285.7;38.47;46.46;54.88;1.39;28.41;0;0
22-01-2023 00:00;23-01-2023 00:00;sect_51;216.21;400.4;63.26;45.62;75.37;2.14;28.09;0;0
23-01-2023 00:00;24-01-2023 00:00;sect_51;202.7;273.45;64.32;43.2;74.6;1.93;28.06;0;0
24-01-2023 00:00;25-01-2023 00:00;sect_51;110.17;185.72;51.35;34.98;60.75;1.45;29.31;0;0
25-01-2023 00:00;26-01-2023 00:00;sect_51;83.85;155.25;19.31;28.03;30.03;0.79;28.71;0;0
26-01-2023 00:00;27-01-2023 00:00;sect_51;108.73;201.35;5.44;26.72;18.25;0.73;28.28;0;0
27-01-2023 00:00;28-01-2023 00:00;sect_51;85.05;157.51;2.15;27.05;15.74;0.53;28.82;0;0
28-01-2023 00:00;29-01-2023 00:00;sect_51;115.62;214.13;8.55;29.88;22.05;0.76;28.51;0;0
29-01-2023 00:00;30-01-2023 00:00;sect_51;141.76;262.54;30.32;34.79;42.68;1.31;27.89;0.32;29
30-01-2023 00:00;31-01-2023 00:00;sect_51;61.35;113.61;16.71;30.21;28.81;0.71;15.86;0.37;34.5
31-01-2023 00:00;01-02-2023 00:00;sect_51;70.04;129.56;25.78;28.54;36.64;0.91;20.77;0;0
01-02-2023 00:00;02-02-2023 00:00;sect_51;62.39;115.69;2.72;26.33;15.88;0.51;32.36;0;0
02-02-2023 00:00;03-02-2023 00:00;sect_51;79.42;147.05;4.35;28.37;18.23;0.58;28.7;0;0
03-02-2023 00:00;04-02-2023 00:00;sect_51;98.47;182.35;9.77;33.21;24.98;0.69;28.73;0;0
04-02-2023 00:00;05-02-2023 00:00;sect_51;105.03;194.51;24.04;34.27;34.73;0.89;27.38;0;0
05-02-2023 00:00;06-02-2023 00:00;sect_51;130.99;242.6;30.14;41.01;41.86;1.5;28.96;0;0
06-02-2023 00:00;07-02-2023 00:00;sect_51;143.23;265.27;19.24;35.01;22.88;0.81;35.2;0;0
07-02-2023 00:00;08-02-2023 00:00;sect_51;99.22;184.29;12.93;33.14;24.53;0.79;29.1;0;0
08-02-2023 00:00;09-02-2023 00:00;sect_51;73.92;138.78;12.85;39.39;27.49;0.66;29.17;0;0
09-02-2023 00:00;10-02-2023 00:00;sect_51;113.49;210.16;28.7;38.23;39.89;0.95;28.97;0;0
10-02-2023 00:00;11-02-2023 00:00;sect_51;101.95;188.79;11.43;34.62;23.95;0.69;29.11;0;0
11-02-2023 00:00;12-02-2023 00:00;sect_51;132.68;245.68;24.36;39.28;36.85;0.9;28.99;0;0
12-02-2023 00:00;13-02-2023 00:00;sect_51;74.75;138.41;6.93;33.11;19.66;0.45;29.22;0;0
13-02-2023 00:00;14-02-2023 00:00;sect_51;72.13;133.57;4.66;30.32;17.88;0.41;26.25;0;0
14-02-2023 00:00;15-02-2023 00:00;sect_51;69.85;129.34;3.49;36.6;21.19;0.53;30.02;0;0
15-02-2023 00:00;16-02-2023 00:00;sect_51;96.99;179.59;8.01;35.43;21.63;0.73;29.06;0;0
16-02-2023 00:00;17-02-2023 00:00;sect_51;156.43;289.68;22.58;44.62;37.24;1.29;28.5;0;0
17-02-2023 00:00;18-02-2023 00:00;sect_51;212.07;392.68;55.41;46.95;66.25;2.02;28.59;0;0
18-02-2023 00:00;19-02-2023 00:00;sect_51;222.18;412.47;75.51;48.98;82.64;2.18;28.84;0;0
19-02-2023 00:00;20-02-2023 00:00;sect_51;206.35;382.15;65.89;46.54;67.48;1.8;26.07;0;0
20-02-2023 00:00;21-02-2023 00:00;sect_51;133.88;247.91;10.6;40.97;26.89;0.95;29.01;0;0
21-02-2023 00:00;22-02-2023 00:00;sect_51;117.65;218.36;9.71;36.86;23.77;0.78;28.8;0;0
22-02-2023 00:00;23-02-2023 00:00;sect_51;154.72;286.49;21.67;33.35;31.16;1.22;28.91;0;0
23-02-2023 00:00;24-02-2023 00:00;sect_51;105.94;196.19;41.44;29.86;45.2;1.2;25.61;0;0
24-02-2023 00:00;25-02-2023 00:00;sect_51;114.6;212.21;19.15;27.74;27.79;0.77;28.44;0;0
25-02-2023 00:00;26-02-2023 00:00;sect_51;175.46;324.94;55.11;25.26;55.85;1.23;28.7;0;0
26-02-2023 00:00;27-02-2023 00:00;sect_51;166.57;308.47;32.84;25.97;38.48;1.12;28.89;0;0
27-02-2023 00:00;28-02-2023 00:00;sect_51;146.99;272.21;30.32;28.3;37.44;1.13;28.13;0;0
28-02-2023 00:00;01-03-2023 00:00;sect_51;152.78;282.92;41.88;30.02;47.59;1.04;28.83;0;0
01-03-2023 00:00;02-03-2023 00:00;sect_51;128.88;238.65;21.45;33.1;32.42;0.76;28.93;0.02;1.5
02-03-2023 00:00;03-03-2023 00:00;sect_51;127.47;236.05;46.52;34.8;55.21;1.2;29.47;0;0
03-03-2023 00:00;04-03-2023 00:00;sect_51;94.08;174.23;14.03;31.76;27.89;0.82;28.7;0;0
04-03-2023 00:00;05-03-2023 00:00;sect_51;73.64;136.39;5.4;30.77;20.01;0.57;28.99;0;0
05-03-2023 00:00;06-03-2023 00:00;sect_51;65.97;122.15;7.2;29.04;20.74;0.59;29.2;0;0
06-03-2023 00:00;07-03-2023 00:00;sect_51;75.72;140.23;6.16;30.91;20.75;0.58;29.41;0;0
07-03-2023 00:00;08-03-2023 00:00;sect_51;117.01;216.7;23.45;32.99;35.92;0.96;28.49;0;0
08-03-2023 00:00;09-03-2023 00:00;sect_51;109.57;202.93;27.77;31.74;39.12;1.25;28.79;0;0
09-03-2023 00:00;10-03-2023 00:00;sect_51;78.52;145.41;6.45;29.71;20.54;0.56;29.5;0;0
10-03-2023 00:00;11-03-2023 00:00;sect_51;96.24;178.93;15.74;32.03;29.44;0.87;29.23;0;0
11-03-2023 00:00;12-03-2023 00:00;sect_51;136.18;252.15;27.26;33.34;39.01;1.04;29.4;0;0
12-03-2023 00:00;13-03-2023 00:00;sect_51;136.03;251.91;43.25;35.01;53.12;1.17;29.25;0;0
13-03-2023 00:00;14-03-2023 00:00;sect_51;139.69;258.68;31.5;36.4;44.35;1.1;28.8;0;0
14-03-2023 00:00;15-03-2023 00:00;sect_51;127.69;236.22;18.92;30.19;29.4;0.89;29.34;0;0
15-03-2023 00:00;16-03-2023 00:00;sect_51;143.64;265.19;34.83;26.28;41.39;1.13;28.86;0;0
16-03-2023 00:00;17-03-2023 00:00;sect_51;99.79;184.79;15.46;28.94;27.66;0.79;28.81;0.02;1.5
17-03-2023 00:00;18-03-2023 00:00;sect_51;94.57;175.13;9.19;29.69;22.83;0.65;29.82;0;0
18-03-2023 00:00;19-03-2023 00:00;sect_51;85.84;158.98;6.13;28.15;17.63;0.73;29.15;0.79;74.5
19-03-2023 00:00;20-03-2023 00:00;sect_51;61.48;113.86;11.04;27.75;23.26;0.7;28.99;0.02;1.5
20-03-2023 00:00;21-03-2023 00:00;sect_51;57.85;107.12;11.1;27.71;23.4;0.61;29.54;0.12;11.5
21-03-2023 00:00;22-03-2023 00:00;sect_51;37.66;69.75;9.28;26.53;20.9;0.47;28.72;0;0
22-03-2023 00:00;23-03-2023 00:00;sect_51;90.14;167.36;14.27;29.68;27.01;0.76;28.11;0;0
23-03-2023 00:00;24-03-2023 00:00;sect_51;88.43;162.56;13.58;29.74;21.91;0.54;29.11;0;0
24-03-2023 00:00;25-03-2023 00:00;sect_51;97.3;180.2;27.14;29.01;35.48;0.84;24.01;0.25;20.5
25-03-2023 00:00;25-03-2023 00:00;sect_51;29;53.6;0;0;20.88;0.44;6.38;0;0